1;0
2;0
3;1
4;1
5;1
6;1
7;1
8;1
9;1
10;1
11;1
12;1
13;1
14;1
15;1
16;1
17;1
18;1
19;1
20;1
21;1
22;1
23;1
24;1
25;1
26;1
27;1
28;1
29;1
30;1
31;1
32;1
33;1
34;1
35;1
36;1
37;1
38;1
39;1
40;1
41;1
42;1
43;1
44;1
45;1
46;1
47;1
48;1
49;1
50;1
51;1
52;1
53;1
54;1
55;1
56;1
57;1
58;1
59;1
60;1
61;1
62;1
63;1
64;1
65;1
66;1
67;1
68;1
69;1
70;1
71;1
72;1
73;1
74;1
75;1
76;1
77;1
78;1
79;1
80;1
81;1
82;1
83;1
84;1
85;1
86;1
87;1
88;1
89;1
90;1
91;1
92;1
93;1
94;1
95;1
96;1
97;1
98;1
99;1
100;1
101;1
102;1
103;1
104;1
105;1
106;1
107;1
108;1
109;1
110;1
111;1
112;1
113;1
114;1
115;1
116;1
117;1
118;1
119;1
120;0
121;0
122;0
123;0
124;0
125;0
126;0
127;0
128;0
129;0
130;0
131;0
132;0
133;0
134;0
135;0
136;0
137;0
138;0
139;0
140;0
141;0
142;0
143;0
144;0
145;0
146;0
147;0
148;0
149;0
150;0
151;0
152;0
153;0
154;0
155;0
156;0
157;0
158;0
159;0
160;0
161;0
162;0
163;0
164;0
165;0
166;0
167;0
168;0
169;0
170;0
171;0
172;0
173;0
174;0
175;0
176;0
177;0
178;0
179;0
180;0
181;0
182;0
183;0
184;0
185;0
186;0
187;0
188;0
189;0
190;0
191;0
192;0
193;0
194;0
195;0
196;0
197;0
198;0
199;0
200;0
201;0
202;0
203;0
204;0
205;0
206;0
207;0
208;0
209;0
210;0
211;0
212;0
213;0
214;0
215;0
216;0
217;0
218;0
219;0
220;0
221;0
222;0
223;0
224;0
225;0
226;0
227;0
228;0
229;0
230;0
231;0
232;0
233;0
234;0
235;0
236;0
237;0
238;0
239;0
240;0
241;0
242;0
243;0
244;0
245;0
246;0
247;0
248;0
249;0
250;0
251;0
252;0
253;0
254;0
255;0
256;0
257;0
258;0
259;0
260;0
261;0
262;0
263;0
264;0
265;0
266;0
267;0
268;0
269;0
270;0
271;0
272;0
273;0
274;0
275;0
276;0
277;0
278;0
279;0
280;0
281;0
282;0
283;0
284;1
285;1
286;1
287;1
288;1
289;1
290;1
291;1
292;1
293;1
294;1
295;1
296;1
297;1
298;1
299;1
300;1
301;1
302;1
303;1
304;1
305;1
306;1
307;1
308;1
309;1
310;1
311;1
312;1
313;1
314;1
315;1
316;1
317;1
318;1
319;1
320;1
321;1
322;1
323;1
324;1
325;1
326;1
327;1
328;1
329;1
330;1
331;1
332;1
333;1
334;1
335;1
336;1
337;1
338;1
339;1
340;1
341;1
342;1
343;1
344;1
345;1
346;1
347;1
348;1
349;1
350;1
351;1
352;1
353;1
354;1
355;1
356;1
357;1
358;1
359;1
360;1
361;1
362;1
363;1
364;1
365;1
366;1
367;1
368;1
369;1
370;1
371;1
372;1
373;1
374;1
375;1
376;1
377;1
378;1
379;1
380;1
381;1
382;1
383;1
384;1
385;1
386;1
387;1
388;1
389;1
390;1
391;1
392;1
393;1
394;1
395;1
396;1
397;1
398;1
399;1
400;1
401;1
402;1
403;1
404;1
405;1
406;1
407;1
408;1
409;1
410;1
411;1
412;1
413;1
414;1
415;1
416;1
417;1
418;1
419;1
420;1
421;1
422;1
423;1
424;1
425;1
426;1
427;1
428;1
429;1
430;1
431;1
432;1
433;1
434;1
435;1
436;1
437;1
438;1
439;1
440;1
441;1
442;1
443;1
444;1
445;1
446;1
447;1
448;1
449;1
450;1
451;1
452;1
453;1
454;1
455;1
456;1
457;1
458;1
459;1
460;1
461;1
462;1
463;1
464;1
465;1
466;1
467;1
468;1
469;1
470;1
471;1
472;1
473;1
474;1
475;1
476;1
477;1
478;1
479;1
480;1
481;1
482;0
483;0
484;0
485;0
486;0
487;0
488;0
489;0
490;0
491;0
492;0
493;0
494;0
495;0
496;0
497;0
498;0
499;0
500;0
501;0
502;0
503;0
504;0
505;0
506;0
507;0
508;0
509;0
510;0
511;0
512;0
513;0
514;0
515;0
516;0
517;0
518;0
519;0
520;0
521;0
522;0
523;0
524;0
525;0
526;0
527;0
528;0
529;0
530;0
531;0
532;0
533;0
534;0
535;0
536;0
537;0
538;0
539;0
540;0
541;0
542;0
543;0
544;0
545;0
546;0
547;0
548;0
549;0
550;0
551;0
552;0
553;0
554;0
555;0
556;0
557;0
558;0
559;0
560;0
561;0
562;0
563;0
564;0
565;0
566;0
567;0
568;0
569;0
570;0
571;0
572;0
573;0
574;0
575;0
576;0
577;0
578;0
579;0
580;0
581;0
582;0
583;0
584;0
585;0
586;0
587;0
588;0
589;0
590;0
591;0
592;0
593;0
594;0
595;0
596;0
597;0
598;0
599;0
600;0
601;0
602;0
603;0
604;0
605;0
606;0
607;0
608;0
609;0
610;0
611;0
612;0
613;0
614;0
615;0
616;0
617;0
618;0
619;0
620;0
621;0
622;0
623;0
624;0
625;0
626;0
627;0
628;0
629;0
630;0
631;0
632;0
633;0
634;0
635;0
636;0
637;0
638;0
639;0
640;0
641;0
642;0
643;0
644;1
645;1
646;1
647;1
648;1
649;1
650;1
651;1
652;1
653;1
654;1
655;1
656;1
657;1
658;1
659;1
660;1
661;1
662;1
663;1
664;1
665;1
666;1
667;1
668;1
669;1
670;1
671;1
672;1
673;1
674;1
675;1
676;1
677;1
678;1
679;1
680;1
681;1
682;1
683;1
684;1
685;1
686;1
687;1
688;1
689;1
690;1
691;1
692;1
693;1
694;1
695;1
696;1
697;1
698;1
699;1
700;1
701;1
702;1
703;1
704;1
705;1
706;1
707;1
708;1
709;1
710;1
711;1
712;1
713;1
714;1
715;1
716;1
717;1
718;1
719;1
720;1
721;1
722;1
723;1
724;1
725;1
726;1
727;1
728;1
729;1
730;1
731;1
732;1
733;1
734;1
735;1
736;1
737;1
738;1
739;1
740;1
741;1
742;1
743;1
744;1
745;1
746;1
747;1
748;1
749;1
750;1
751;1
752;1
753;1
754;1
755;1
756;1
757;1
758;1
759;1
760;1
761;1
762;1
763;1
764;1
765;1
766;1
767;1
768;1
769;1
770;1
771;1
772;1
773;1
774;1
775;1
776;1
777;1
778;1
779;1
780;1
781;1
782;1
783;1
784;1
785;1
786;1
787;1
788;1
789;1
790;1
791;1
792;1
793;1
794;1
795;1
796;1
797;1
798;1
799;1
800;1
801;1
802;1
803;1
804;1
805;1
806;1
807;1
808;1
809;1
810;1
811;1
812;1
813;1
814;1
815;1
816;1
817;1
818;1
819;1
820;1
821;1
822;1
823;1
824;1
825;1
826;1
827;1
828;1
829;1
830;1
831;1
832;1
833;1
834;1
835;1
836;1
837;1
838;1
839;1
840;1
841;1
842;0
843;0
844;0
845;0
846;0
847;0
848;0
849;0
850;0
851;0
852;0
853;0
854;0
855;0
856;0
857;0
858;0
859;0
860;0
861;0
862;0
863;0
864;0
865;0
866;0
867;0
868;0
869;0
870;0
871;0
872;0
873;0
874;0
875;0
876;0
877;0
878;0
879;0
880;0
881;0
882;0
883;0
884;0
885;0
886;0
887;0
888;0
889;0
890;0
891;0
892;0
893;0
894;0
895;0
896;0
897;0
898;0
899;0
900;0
901;0
902;0
903;0
904;0
905;0
906;0
907;0
908;0
909;0
910;0
911;0
912;0
913;0
914;0
915;0
916;0
917;0
918;0
919;0
920;0
921;0
922;0
923;0
924;0
925;0
926;0
927;0
928;0
929;0
930;0
931;0
932;0
933;0
934;0
935;0
936;0
937;0
938;0
939;0
940;0
941;0
942;0
943;0
944;0
945;0
946;0
947;0
948;0
949;0
950;0
951;0
952;0
953;0
954;0
955;0
956;0
957;0
958;0
959;0
960;0
961;0
962;0
963;0
964;0
965;0
966;0
967;0
968;0
969;0
970;0
971;0
972;0
973;0
974;0
975;0
976;0
977;0
978;0
979;0
980;0
981;0
982;0
983;0
984;0
985;0
986;0
987;0
988;0
989;0
990;0
991;0
992;0
993;0
994;0
995;0
996;0
997;0
998;0
999;0
1000;0
1001;0
1002;0
1003;0
1004;1
1005;1
1006;1
1007;1
1008;1
1009;1
1010;1
1011;1
1012;1
1013;1
1014;1
1015;1
1016;1
1017;1
1018;1
1019;1
1020;1
1021;1
1022;1
1023;1
1024;1
1025;1
1026;1
1027;1
1028;1
1029;1
1030;1
1031;1
1032;1
1033;1
1034;1
1035;1
1036;1
1037;1
1038;1
1039;1
1040;1
1041;1
1042;1
1043;1
1044;1
1045;1
1046;1
1047;1
1048;1
1049;1
1050;1
1051;1
1052;1
1053;1
1054;1
1055;1
1056;1
1057;1
1058;1
1059;1
1060;1
1061;1
1062;1
1063;1
1064;1
1065;1
1066;1
1067;1
1068;1
1069;1
1070;1
1071;1
1072;1
1073;1
1074;1
1075;1
1076;1
1077;1
1078;1
1079;1
1080;1
1081;1
1082;1
1083;1
1084;1
1085;1
1086;1
1087;1
1088;1
1089;1
1090;1
1091;1
1092;1
1093;1
1094;1
1095;1
1096;1
1097;1
1098;1
1099;1
1100;1
1101;1
1102;1
1103;1
1104;1
1105;1
1106;1
1107;1
1108;1
1109;1
1110;1
1111;1
1112;1
1113;1
1114;1
1115;1
1116;1
1117;1
1118;1
1119;1
1120;1
1121;1
1122;1
1123;1
1124;1
1125;1
1126;1
1127;1
1128;1
1129;1
1130;1
1131;1
1132;1
1133;1
1134;1
1135;1
1136;1
1137;1
1138;1
1139;1
1140;1
1141;1
1142;1
1143;1
1144;1
1145;1
1146;1
1147;1
1148;1
1149;1
1150;1
1151;1
1152;1
1153;1
1154;1
1155;1
1156;1
1157;1
1158;1
1159;1
1160;1
1161;1
1162;1
1163;1
1164;1
1165;1
1166;1
1167;1
1168;1
1169;1
1170;1
1171;1
1172;1
1173;1
1174;1
1175;1
1176;1
1177;1
1178;1
1179;1
1180;1
1181;1
1182;1
1183;1
1184;1
1185;1
1186;1
1187;1
1188;1
1189;1
1190;1
1191;1
1192;1
1193;1
1194;1
1195;1
1196;1
1197;1
1198;1
1199;1
1200;1
1201;1
1202;1
1203;0
1204;0
1205;0
1206;0
1207;0
1208;0
1209;0
1210;0
1211;0
1212;0
1213;0
1214;0
1215;0
1216;0
1217;0
1218;0
1219;0
1220;0
1221;0
1222;0
1223;0
1224;0
1225;0
1226;0
1227;0
1228;0
1229;0
1230;0
1231;0
1232;0
1233;0
1234;0
1235;0
1236;0
1237;0
1238;0
1239;0
1240;0
1241;0
1242;0
1243;0
1244;0
1245;0
1246;0
1247;0
1248;0
1249;0
1250;0
1251;0
1252;0
1253;0
1254;0
1255;0
1256;0
1257;0
1258;0
1259;0
1260;0
1261;0
1262;0
1263;0
1264;0
1265;0
1266;0
1267;0
1268;0
1269;0
1270;0
1271;0
1272;0
1273;0
1274;0
1275;0
1276;0
1277;0
1278;0
1279;0
1280;0
1281;0
1282;0
1283;0
1284;0
1285;0
1286;0
1287;0
1288;0
1289;0
1290;0
1291;0
1292;0
1293;0
1294;0
1295;0
1296;0
1297;0
1298;0
1299;0
1300;0
1301;0
1302;0
1303;0
1304;0
1305;0
1306;0
1307;0
1308;0
1309;0
1310;0
1311;0
1312;0
1313;0
1314;0
1315;0
1316;0
1317;0
1318;0
1319;0
1320;0
1321;0
1322;0
1323;0
1324;0
1325;0
1326;0
1327;0
1328;0
1329;0
1330;0
1331;0
1332;0
1333;0
1334;0
1335;0
1336;0
1337;0
1338;0
1339;0
1340;0
1341;0
1342;0
1343;0
1344;0
1345;0
1346;0
1347;0
1348;0
1349;0
1350;0
1351;0
1352;0
1353;0
1354;0
1355;0
1356;0
1357;0
1358;0
1359;0
1360;0
1361;0
1362;0
1363;0
1364;0
1365;1
1366;1
1367;1
1368;1
1369;1
1370;1
1371;1
1372;1
1373;1
1374;1
1375;1
1376;1
1377;1
1378;1
1379;1
1380;1
1381;1
1382;1
1383;1
1384;1
1385;1
1386;1
1387;1
1388;1
1389;1
1390;1
1391;1
1392;1
1393;1
1394;1
1395;1
1396;1
1397;1
1398;1
1399;1
1400;1
1401;0
1402;1
1403;1
1404;1
1405;1
1406;1
1407;1
1408;1
1409;1
1410;1
1411;1
1412;1
1413;1
1414;1
1415;1
1416;1
1417;1
1418;1
1419;1
1420;1
1421;1
1422;0
1423;1
1424;1
1425;1
1426;1
1427;1
1428;1
1429;1
1430;1
1431;1
1432;1
1433;1
1434;1
1435;1
1436;1
1437;1
1438;1
1439;1
1440;1
1441;1
1442;1
1443;1
1444;1
1445;1
1446;1
1447;1
1448;1
1449;1
1450;1
1451;1
1452;1
1453;1
1454;1
1455;1
1456;1
1457;1
1458;1
1459;1
1460;1
1461;1
1462;1
1463;0
1464;1
1465;1
1466;1
1467;1
1468;1
1469;1
1470;1
1471;1
1472;1
1473;1
1474;1
1475;1
1476;1
1477;1
1478;1
1479;1
1480;1
1481;1
1482;1
1483;1
1484;1
1485;1
1486;1
1487;1
1488;1
1489;1
1490;1
1491;1
1492;1
1493;1
1494;1
1495;1
1496;1
1497;1
1498;1
1499;1
1500;1
1501;1
1502;1
1503;1
1504;1
1505;1
1506;1
1507;1
1508;1
1509;1
1510;1
1511;1
1512;1
1513;1
1514;1
1515;1
1516;1
1517;1
1518;1
1519;1
1520;1
1521;1
1522;1
1523;1
1524;1
1525;1
1526;1
1527;1
1528;1
1529;1
1530;1
1531;1
1532;1
1533;1
1534;1
1535;1
1536;1
1537;1
1538;1
1539;1
1540;1
1541;1
1542;0
1543;1
1544;1
1545;1
1546;1
1547;1
1548;1
1549;1
1550;1
1551;1
1552;1
1553;1
1554;1
1555;1
1556;1
1557;1
1558;1
1559;1
1560;1
1561;1
1562;1
1563;1
1564;1
1565;1
1566;1
1567;0
1568;0
1569;0
1570;0
1571;0
1572;0
1573;0
1574;0
1575;0
1576;0
1577;0
1578;0
1579;0
1580;0
1581;0
1582;0
1583;0
1584;0
1585;0
1586;0
1587;0
1588;0
1589;0
1590;0
1591;0
1592;0
1593;0
1594;0
1595;0
1596;0
1597;0
1598;0
1599;0
1600;0
1601;0
1602;0
1603;0
1604;0
1605;0
1606;0
1607;0
1608;0
1609;0
1610;0
1611;0
1612;0
1613;0
1614;0
1615;0
1616;0
1617;0
1618;0
1619;0
1620;0
1621;0
1622;0
1623;0
1624;0
1625;0
1626;0
1627;0
1628;0
1629;0
1630;0
1631;0
1632;0
1633;0
1634;0
1635;0
1636;0
1637;0
1638;0
1639;0
1640;0
1641;0
1642;0
1643;0
1644;0
1645;0
1646;0
1647;0
1648;0
1649;0
1650;0
1651;0
1652;0
1653;0
1654;0
1655;0
1656;0
1657;0
1658;0
1659;0
1660;0
1661;0
1662;0
1663;0
1664;0
1665;0
1666;0
1667;0
1668;0
1669;0
1670;0
1671;0
1672;0
1673;0
1674;0
1675;0
1676;0
1677;0
1678;0
1679;0
1680;0
1681;0
1682;0
1683;0
1684;0
1685;0
1686;0
1687;0
1688;0
1689;0
1690;0
1691;0
1692;0
1693;0
1694;0
1695;0
1696;0
1697;0
1698;0
1699;0
1700;0
1701;0
1702;0
1703;0
1704;0
1705;0
1706;0
1707;0
1708;0
1709;0
1710;0
1711;0
1712;0
1713;0
1714;0
1715;0
1716;0
1717;0
1718;0
1719;0
1720;0
1721;0
1722;0
1723;0
1724;0
1725;0
1726;0
1727;0
1728;0
1729;1
1730;1
1731;1
1732;1
1733;1
1734;1
1735;1
1736;1
1737;1
1738;1
1739;0
1740;1
1741;1
1742;1
1743;1
1744;1
1745;1
1746;1
1747;1
1748;1
1749;1
1750;1
1751;1
1752;1
1753;1
1754;1
1755;1
1756;1
1757;1
1758;1
1759;1
1760;1
1761;1
1762;1
1763;1
1764;1
1765;1
1766;1
1767;1
1768;1
1769;1
1770;1
1771;1
1772;1
1773;1
1774;1
1775;1
1776;1
1777;1
1778;1
1779;1
1780;1
1781;1
1782;1
1783;1
1784;1
1785;1
1786;1
1787;1
1788;1
1789;1
1790;1
1791;1
1792;1
1793;1
1794;1
1795;1
1796;1
1797;1
1798;1
1799;1
1800;1
1801;1
1802;1
1803;1
1804;1
1805;1
1806;1
1807;1
1808;1
1809;1
1810;1
1811;1
1812;1
1813;1
1814;1
1815;1
1816;1
1817;1
1818;1
1819;1
1820;1
1821;1
1822;1
1823;1
1824;1
1825;1
1826;1
1827;1
1828;1
1829;1
1830;1
1831;1
1832;1
1833;1
1834;1
1835;1
1836;1
1837;1
1838;1
1839;1
1840;1
1841;1
1842;1
1843;1
1844;1
1845;1
1846;1
1847;1
1848;1
1849;1
1850;1
1851;1
1852;1
1853;1
1854;1
1855;1
1856;1
1857;1
1858;1
1859;1
1860;1
1861;1
1862;1
1863;1
1864;1
1865;1
1866;0
1867;1
1868;1
1869;1
1870;1
1871;1
1872;1
1873;1
1874;1
1875;1
1876;1
1877;1
1878;1
1879;1
1880;1
1881;1
1882;1
1883;1
1884;1
1885;1
1886;1
1887;1
1888;1
1889;1
1890;1
1891;1
1892;1
1893;1
1894;1
1895;1
1896;1
1897;1
1898;1
1899;1
1900;1
1901;1
1902;1
1903;1
1904;1
1905;1
1906;1
1907;1
1908;1
1909;1
1910;1
1911;1
1912;1
1913;1
1914;1
1915;1
1916;1
1917;1
1918;1
1919;1
1920;1
1921;1
1922;1
1923;1
1924;1
1925;1
1926;1
1927;1
1928;1
1929;0
1930;0
1931;0
1932;0
1933;0
1934;0
1935;0
1936;0
1937;0
1938;0
1939;0
1940;0
1941;0
1942;0
1943;0
1944;0
1945;0
1946;0
1947;0
1948;0
1949;0
1950;0
1951;0
1952;0
1953;0
1954;0
1955;0
1956;0
1957;0
1958;0
1959;0
1960;0
1961;0
1962;0
1963;0
1964;0
1965;0
1966;0
1967;0
1968;0
1969;0
1970;0
1971;0
1972;0
1973;0
1974;0
1975;0
1976;0
1977;0
1978;0
1979;0
1980;0
1981;0
1982;0
1983;0
1984;0
1985;0
1986;0
1987;0
1988;0
1989;0
1990;0
1991;0
1992;0
1993;0
1994;0
1995;0
1996;0
1997;0
1998;0
1999;0
2000;0
2001;0
2002;0
2003;0
2004;0
2005;0
2006;0
2007;0
2008;0
2009;0
2010;0
2011;0
2012;0
2013;0
2014;0
2015;0
2016;0
2017;0
2018;0
2019;0
2020;0
2021;0
2022;0
2023;0
2024;0
2025;0
2026;0
2027;0
2028;0
2029;0
2030;0
2031;0
2032;0
2033;0
2034;0
2035;0
2036;0
2037;0
2038;0
2039;0
2040;0
2041;0
2042;0
2043;0
2044;0
2045;0
2046;0
2047;0
2048;0
2049;0
2050;0
2051;0
2052;0
2053;0
2054;0
2055;0
2056;0
2057;0
2058;0
2059;0
2060;0
2061;0
2062;0
2063;0
2064;0
2065;0
2066;0
2067;0
2068;0
2069;0
2070;0
2071;0
2072;0
2073;0
2074;0
2075;0
2076;0
2077;0
2078;0
2079;0
2080;0
2081;0
2082;0
2083;0
2084;0
2085;0
2086;0
2087;0
2088;0
2089;0
2090;0
2091;1
2092;1
2093;1
2094;1
2095;1
2096;1
2097;1
2098;1
2099;1
2100;1
2101;1
2102;1
2103;1
2104;1
2105;1
2106;1
2107;1
2108;1
2109;1
2110;1
2111;1
2112;1
2113;1
2114;1
2115;1
2116;1
2117;1
2118;1
2119;1
2120;1
2121;1
2122;1
2123;1
2124;1
2125;1
2126;1
2127;1
2128;1
2129;1
2130;1
2131;1
2132;1
2133;1
2134;1
2135;1
2136;1
2137;1
2138;1
2139;1
2140;1
2141;1
2142;1
2143;1
2144;1
2145;1
2146;1
2147;1
2148;1
2149;1
2150;1
2151;1
2152;1
2153;1
2154;1
2155;1
2156;1
2157;1
2158;1
2159;1
2160;1
2161;1
2162;1
2163;1
2164;1
2165;1
2166;1
2167;1
2168;1
2169;1
2170;1
2171;1
2172;1
2173;1
2174;1
2175;1
2176;1
2177;1
2178;1
2179;1
2180;1
2181;1
2182;1
2183;1
2184;1
2185;1
2186;1
2187;1
2188;1
2189;1
2190;1
2191;1
2192;1
2193;1
2194;1
2195;1
2196;1
2197;1
2198;1
2199;1
2200;1
2201;1
2202;1
2203;1
2204;1
2205;1
2206;1
2207;1
2208;1
2209;1
2210;1
2211;1
2212;1
2213;1
2214;1
2215;1
2216;1
2217;1
2218;1
2219;1
2220;1
2221;1
2222;1
2223;1
2224;1
2225;1
2226;1
2227;1
2228;1
2229;1
2230;1
2231;1
2232;1
2233;1
2234;1
2235;1
2236;1
2237;1
2238;1
2239;1
2240;1
2241;1
2242;1
2243;1
2244;1
2245;1
2246;1
2247;1
2248;1
2249;1
2250;1
2251;1
2252;1
2253;1
2254;1
2255;1
2256;1
2257;1
2258;1
2259;1
2260;1
2261;1
2262;1
2263;1
2264;1
2265;1
2266;1
2267;1
2268;1
2269;1
2270;1
2271;1
2272;1
2273;1
2274;1
2275;1
2276;1
2277;1
2278;1
2279;1
2280;1
2281;1
2282;1
2283;1
2284;1
2285;1
2286;1
2287;1
2288;1
2289;0
2290;0
2291;0
2292;0
2293;0
2294;0
2295;0
2296;0
2297;0
2298;0
2299;0
2300;0
2301;0
2302;0
2303;0
2304;0
2305;0
2306;0
2307;0
2308;0
2309;0
2310;0
2311;0
2312;0
2313;0
2314;0
2315;0
2316;0
2317;0
2318;0
2319;0
2320;0
2321;0
2322;0
2323;0
2324;0
2325;0
2326;0
2327;0
2328;0
2329;0
2330;0
2331;0
2332;0
2333;0
2334;0
2335;0
2336;0
2337;0
2338;0
2339;0
2340;0
2341;0
2342;0
2343;0
2344;0
2345;0
2346;0
2347;0
2348;0
2349;0
2350;0
2351;0
2352;0
2353;0
2354;0
2355;0
2356;0
2357;0
2358;0
2359;0
2360;0
2361;0
2362;0
2363;0
2364;0
2365;0
2366;0
2367;0
2368;0
2369;0
2370;0
2371;0
2372;0
2373;0
2374;0
2375;0
2376;0
2377;0
2378;0
2379;0
2380;0
2381;0
2382;0
2383;0
2384;0
2385;0
2386;0
2387;0
2388;0
2389;0
2390;0
2391;0
2392;0
2393;0
2394;0
2395;0
2396;0
2397;0
2398;0
2399;0
2400;0
2401;0
2402;0
2403;0
2404;0
2405;0
2406;0
2407;0
2408;0
2409;0
2410;0
2411;0
2412;0
2413;0
2414;0
2415;0
2416;0
2417;0
2418;0
2419;0
2420;0
2421;0
2422;0
2423;0
2424;0
2425;0
2426;0
2427;0
2428;0
2429;0
2430;0
2431;0
2432;0
2433;0
2434;0
2435;0
2436;0
2437;0
2438;0
2439;0
2440;0
2441;0
2442;0
2443;0
2444;0
2445;0
2446;0
2447;1
2448;1
2449;0
2450;0
2451;0
2452;0
2453;1
2454;1
2455;1
2456;1
2457;1
2458;1
2459;1
2460;1
2461;1
2462;1
2463;1
2464;1
2465;1
2466;1
2467;1
2468;1
2469;1
2470;1
2471;1
2472;1
2473;1
2474;1
2475;1
2476;1
2477;1
2478;1
2479;1
2480;1
2481;1
2482;1
2483;1
2484;1
2485;1
2486;1
2487;1
2488;1
2489;1
2490;1
2491;1
2492;1
2493;1
2494;1
2495;1
2496;1
2497;1
2498;1
2499;1
2500;1
2501;1
2502;1
2503;1
2504;1
2505;1
2506;1
2507;0
2508;1
2509;1
2510;1
2511;1
2512;1
2513;1
2514;1
2515;1
2516;1
2517;1
2518;1
2519;1
2520;1
2521;1
2522;1
2523;1
2524;1
2525;1
2526;1
2527;1
2528;1
2529;1
2530;1
2531;1
2532;1
2533;1
2534;1
2535;1
2536;1
2537;1
2538;1
2539;1
2540;1
2541;1
2542;1
2543;1
2544;1
2545;1
2546;1
2547;1
2548;1
2549;1
2550;1
2551;1
2552;1
2553;1
2554;1
2555;1
2556;1
2557;1
2558;1
2559;1
2560;1
2561;1
2562;1
2563;1
2564;1
2565;1
2566;1
2567;1
2568;1
2569;1
2570;1
2571;1
2572;1
2573;1
2574;1
2575;1
2576;1
2577;1
2578;1
2579;1
2580;1
2581;1
2582;1
2583;1
2584;1
2585;1
2586;1
2587;1
2588;1
2589;1
2590;1
2591;1
2592;1
2593;1
2594;1
2595;1
2596;1
2597;1
2598;1
2599;1
2600;1
2601;1
2602;1
2603;1
2604;1
2605;1
2606;1
2607;1
2608;1
2609;1
2610;1
2611;1
2612;1
2613;1
2614;1
2615;1
2616;1
2617;1
2618;1
2619;1
2620;1
2621;1
2622;1
2623;1
2624;1
2625;1
2626;1
2627;1
2628;1
2629;1
2630;1
2631;1
2632;1
2633;1
2634;1
2635;1
2636;1
2637;1
2638;1
2639;1
2640;1
2641;1
2642;1
2643;1
2644;1
2645;1
2646;1
2647;1
2648;1
2649;1
2650;0
2651;0
2652;0
2653;0
2654;0
2655;0
2656;0
2657;0
2658;0
2659;0
2660;0
2661;0
2662;0
2663;0
2664;0
2665;0
2666;0
2667;0
2668;0
2669;0
2670;0
2671;0
2672;0
2673;0
2674;0
2675;0
2676;0
2677;0
2678;0
2679;0
2680;0
2681;0
2682;0
2683;0
2684;0
2685;0
2686;0
2687;0
2688;0
2689;0
2690;0
2691;0
2692;0
2693;0
2694;0
2695;0
2696;0
2697;0
2698;0
2699;0
2700;0
2701;0
2702;0
2703;0
2704;0
2705;0
2706;0
2707;0
2708;0
2709;0
2710;0
2711;0
2712;0
2713;0
2714;0
2715;0
2716;0
2717;0
2718;0
2719;0
2720;0
2721;0
2722;0
2723;0
2724;0
2725;0
2726;0
2727;0
2728;0
2729;0
2730;0
2731;0
2732;0
2733;0
2734;0
2735;0
2736;0
2737;0
2738;0
2739;0
2740;0
2741;0
2742;0
2743;0
2744;0
2745;0
2746;0
2747;0
2748;0
2749;0
2750;0
2751;0
2752;0
2753;0
2754;0
2755;0
2756;0
2757;0
2758;0
2759;0
2760;0
2761;0
2762;0
2763;0
2764;0
2765;0
2766;0
2767;0
2768;0
2769;0
2770;0
2771;0
2772;0
2773;0
2774;0
2775;0
2776;0
2777;0
2778;0
2779;0
2780;0
2781;0
2782;0
2783;0
2784;0
2785;0
2786;0
2787;0
2788;0
2789;0
2790;0
2791;0
2792;0
2793;0
2794;0
2795;0
2796;0
2797;0
2798;0
2799;0
2800;0
2801;0
2802;0
2803;0
2804;0
2805;0
2806;0
2807;0
2808;1
2809;1
2810;0
2811;0
2812;0
2813;0
2814;1
2815;1
2816;1
2817;1
2818;1
2819;1
2820;1
2821;1
2822;1
2823;1
2824;1
2825;1
2826;1
2827;1
2828;1
2829;1
2830;1
2831;1
2832;1
2833;1
2834;1
2835;1
2836;1
2837;1
2838;1
2839;1
2840;1
2841;1
2842;1
2843;1
2844;1
2845;1
2846;1
2847;1
2848;1
2849;1
2850;1
2851;1
2852;1
2853;1
2854;1
2855;1
2856;1
2857;1
2858;1
2859;1
2860;1
2861;1
2862;1
2863;1
2864;1
2865;1
2866;1
2867;1
2868;1
2869;1
2870;1
2871;1
2872;1
2873;1
2874;1
2875;1
2876;1
2877;1
2878;1
2879;1
2880;1
2881;1
2882;1
2883;1
2884;1
2885;1
2886;1
2887;1
2888;1
2889;1
2890;1
2891;1
2892;1
2893;1
2894;1
2895;1
2896;1
2897;1
2898;1
2899;1
2900;1
2901;1
2902;1
2903;1
2904;1
2905;1
2906;1
2907;1
2908;1
2909;1
2910;1
2911;1
2912;1
2913;1
2914;1
2915;1
2916;1
2917;1
2918;1
2919;1
2920;1
2921;1
2922;1
2923;1
2924;1
2925;1
2926;1
2927;1
2928;1
2929;1
2930;1
2931;1
2932;1
2933;1
2934;1
2935;1
2936;1
2937;1
2938;1
2939;1
2940;1
2941;1
2942;1
2943;1
2944;1
2945;1
2946;1
2947;1
2948;1
2949;1
2950;1
2951;1
2952;1
2953;1
2954;1
2955;1
2956;1
2957;1
2958;1
2959;1
2960;1
2961;1
2962;1
2963;1
2964;1
2965;1
2966;1
2967;1
2968;1
2969;1
2970;1
2971;1
2972;1
2973;1
2974;1
2975;1
2976;1
2977;1
2978;1
2979;1
2980;1
2981;1
2982;1
2983;1
2984;1
2985;1
2986;1
2987;1
2988;1
2989;1
2990;1
2991;1
2992;1
2993;1
2994;1
2995;1
2996;1
2997;1
2998;1
2999;1
3000;1
3001;1
3002;1
3003;1
3004;1
3005;1
3006;1
3007;1
3008;1
3009;1
3010;0
3011;0
3012;0
3013;0
3014;0
3015;0
3016;0
3017;0
3018;0
3019;0
3020;0
3021;0
3022;0
3023;0
3024;0
3025;0
3026;0
3027;0
3028;0
3029;0
3030;0
3031;0
3032;0
3033;0
3034;0
3035;0
3036;0
3037;0
3038;0
3039;0
3040;0
3041;0
3042;0
3043;0
3044;0
3045;0
3046;0
3047;0
3048;0
3049;0
3050;0
3051;0
3052;0
3053;0
3054;0
3055;0
3056;0
3057;0
3058;0
3059;0
3060;0
3061;0
3062;0
3063;0
3064;0
3065;0
3066;0
3067;0
3068;0
3069;0
3070;0
3071;0
3072;0
3073;0
3074;0
3075;0
3076;0
3077;0
3078;0
3079;0
3080;0
3081;0
3082;0
3083;0
3084;0
3085;0
3086;0
3087;0
3088;0
3089;0
3090;0
3091;0
3092;0
3093;0
3094;0
3095;0
3096;0
3097;0
3098;0
3099;0
3100;0
3101;0
3102;0
3103;0
3104;0
3105;0
3106;0
3107;0
3108;0
3109;0
3110;0
3111;0
3112;0
3113;0
3114;0
3115;0
3116;0
3117;0
3118;0
3119;0
3120;0
3121;0
3122;0
3123;0
3124;0
3125;0
3126;0
3127;0
3128;0
3129;0
3130;0
3131;0
3132;0
3133;0
3134;0
3135;0
3136;0
3137;0
3138;0
3139;0
3140;0
3141;0
3142;0
3143;0
3144;0
3145;0
3146;0
3147;0
3148;0
3149;0
3150;0
3151;0
3152;0
3153;0
3154;0
3155;0
3156;0
3157;0
3158;0
3159;0
3160;0
3161;0
3162;0
3163;0
3164;0
3165;0
3166;0
3167;0
3168;0
3169;0
3170;0
3171;0
3172;1
3173;1
3174;1
3175;1
3176;1
3177;1
3178;1
3179;1
3180;1
3181;1
3182;1
3183;1
3184;1
3185;1
3186;1
3187;1
3188;1
3189;1
3190;1
3191;1
3192;1
3193;1
3194;1
3195;1
3196;1
3197;1
3198;1
3199;1
3200;1
3201;1
3202;1
3203;1
3204;1
3205;1
3206;1
3207;1
3208;1
3209;1
3210;1
3211;1
3212;1
3213;1
3214;1
3215;1
3216;1
3217;1
3218;1
3219;1
3220;1
3221;1
3222;1
3223;1
3224;1
3225;1
3226;1
3227;1
3228;1
3229;1
3230;1
3231;1
3232;1
3233;1
3234;1
3235;1
3236;1
3237;1
3238;1
3239;1
3240;1
3241;1
3242;1
3243;1
3244;1
3245;1
3246;1
3247;1
3248;1
3249;1
3250;1
3251;1
3252;1
3253;1
3254;1
3255;1
3256;1
3257;1
3258;1
3259;1
3260;1
3261;1
3262;1
3263;1
3264;1
3265;1
3266;1
3267;1
3268;1
3269;1
3270;1
3271;1
3272;1
3273;1
3274;1
3275;1
3276;1
3277;1
3278;1
3279;1
3280;1
3281;1
3282;1
3283;1
3284;1
3285;1
3286;1
3287;1
3288;1
3289;1
3290;1
3291;1
3292;1
3293;1
3294;1
3295;1
3296;1
3297;1
3298;1
3299;1
3300;1
3301;1
3302;1
3303;1
3304;1
3305;1
3306;1
3307;1
3308;1
3309;1
3310;1
3311;1
3312;1
3313;1
3314;1
3315;1
3316;1
3317;1
3318;1
3319;1
3320;1
3321;1
3322;1
3323;1
3324;1
3325;1
3326;1
3327;1
3328;1
3329;1
3330;1
3331;1
3332;1
3333;1
3334;1
3335;1
3336;1
3337;1
3338;1
3339;1
3340;1
3341;1
3342;1
3343;1
3344;1
3345;1
3346;1
3347;1
3348;1
3349;1
3350;1
3351;1
3352;1
3353;1
3354;1
3355;1
3356;1
3357;1
3358;1
3359;1
3360;1
3361;1
3362;1
3363;1
3364;1
3365;1
3366;1
3367;1
3368;1
3369;1
3370;0
3371;0
3372;0
3373;0
3374;0
3375;0
3376;0
3377;0
3378;0
3379;0
3380;0
3381;0
3382;0
3383;0
3384;0
3385;0
3386;0
3387;0
3388;0
3389;0
3390;0
3391;0
3392;0
3393;0
3394;0
3395;0
3396;0
3397;0
3398;0
3399;0
3400;0
3401;0
3402;0
3403;0
3404;0
3405;0
3406;0
3407;0
3408;0
3409;0
3410;0
3411;0
3412;0
3413;0
3414;0
3415;0
3416;0
3417;0
3418;0
3419;0
3420;0
3421;0
3422;0
3423;0
3424;0
3425;0
3426;0
3427;0
3428;0
3429;0
3430;0
3431;0
3432;0
3433;0
3434;0
3435;0
3436;0
3437;0
3438;0
3439;0
3440;0
3441;0
3442;0
3443;0
3444;0
3445;0
3446;0
3447;0
3448;0
3449;0
3450;0
3451;0
3452;0
3453;0
3454;0
3455;0
3456;0
3457;0
3458;0
3459;0
3460;0
3461;0
3462;0
3463;0
3464;0
3465;0
3466;0
3467;0
3468;0
3469;0
3470;0
3471;0
3472;0
3473;0
3474;0
3475;0
3476;0
3477;0
3478;0
3479;0
3480;0
3481;0
3482;0
3483;0
3484;0
3485;0
3486;0
3487;0
3488;0
3489;0
3490;0
3491;0
3492;0
3493;0
3494;0
3495;0
3496;0
3497;0
3498;0
3499;0
3500;0
3501;0
3502;0
3503;0
3504;0
3505;0
3506;0
3507;0
3508;0
3509;0
3510;0
3511;0
3512;0
3513;0
3514;0
3515;0
3516;0
3517;0
3518;0
3519;0
3520;0
3521;0
3522;0
3523;0
3524;0
3525;0
3526;0
3527;0
3528;0
3529;0
3530;0
3531;0
3532;1
3533;1
3534;1
3535;1
3536;1
3537;1
3538;1
3539;1
3540;1
3541;1
3542;1
3543;1
3544;1
3545;1
3546;1
3547;1
3548;1
3549;1
3550;1
3551;1
3552;1
3553;1
3554;1
3555;1
3556;1
3557;1
3558;1
3559;1
3560;1
3561;1
3562;1
3563;1
3564;1
3565;1
3566;1
3567;1
3568;1
3569;1
3570;1
3571;1
3572;1
3573;1
3574;1
3575;1
3576;1
3577;1
3578;1
3579;1
3580;1
3581;1
3582;1
3583;1
3584;1
3585;1
3586;1
3587;1
3588;1
3589;1
3590;1
3591;1
3592;1
3593;1
3594;1
3595;1
3596;1
3597;1
3598;1
3599;1
3600;1
3601;1
3602;1
3603;1
3604;1
3605;1
3606;1
3607;1
3608;1
3609;1
3610;1
3611;1
3612;1
3613;1
3614;1
3615;1
3616;1
3617;1
3618;1
3619;1
3620;0
3621;0
3622;0
3623;0
3624;0
3625;0
3626;0
3627;0
3628;0
3629;1
3630;1
3631;1
3632;1
3633;1
3634;1
3635;1
3636;1
3637;0
3638;1
3639;1
3640;1
3641;1
3642;1
3643;1
3644;1
3645;1
3646;1
3647;1
3648;1
3649;1
3650;1
3651;1
3652;1
3653;1
3654;1
3655;1
3656;1
3657;1
3658;1
3659;1
3660;1
3661;1
3662;1
3663;1
3664;1
3665;1
3666;1
3667;1
3668;1
3669;1
3670;1
3671;1
3672;1
3673;1
3674;1
3675;1
3676;1
3677;1
3678;1
3679;1
3680;1
3681;1
3682;1
3683;1
3684;1
3685;1
3686;1
3687;1
3688;1
3689;1
3690;1
3691;1
3692;1
3693;1
3694;1
3695;1
3696;1
3697;1
3698;1
3699;1
3700;1
3701;1
3702;1
3703;1
3704;1
3705;1
3706;1
3707;1
3708;1
3709;1
3710;1
3711;1
3712;1
3713;1
3714;1
3715;1
3716;1
3717;1
3718;1
3719;1
3720;1
3721;1
3722;1
3723;1
3724;1
3725;1
3726;1
3727;1
3728;1
3729;1
3730;1
3731;1
3732;1
3733;1
3734;1
3735;1
3736;1
3737;1
3738;1
3739;1
3740;0
3741;0
3742;0
3743;0
3744;0
3745;0
3746;0
3747;0
3748;0
3749;0
3750;0
3751;0
3752;0
3753;0
3754;0
3755;0
3756;0
3757;0
3758;0
3759;0
3760;0
3761;0
3762;0
3763;0
3764;0
3765;0
3766;0
3767;0
3768;0
3769;0
3770;0
3771;0
3772;0
3773;0
3774;0
3775;0
3776;0
3777;0
3778;0
3779;0
3780;0
3781;0
3782;0
3783;0
3784;0
3785;0
3786;0
3787;0
3788;0
3789;0
3790;0
3791;0
3792;0
3793;0
3794;0
3795;0
3796;0
3797;0
3798;0
3799;0
3800;0
3801;0
3802;0
3803;0
3804;0
3805;0
3806;0
3807;0
3808;0
3809;0
3810;0
3811;0
3812;0
3813;0
3814;0
3815;0
3816;0
3817;0
3818;0
3819;0
3820;0
3821;0
3822;0
3823;0
3824;0
3825;0
3826;0
3827;0
3828;0
3829;0
3830;0
3831;0
3832;0
3833;0
3834;0
3835;0
3836;0
3837;0
3838;0
3839;0
3840;0
3841;0
3842;0
3843;0
3844;0
3845;0
3846;0
3847;0
3848;0
3849;0
3850;0
3851;0
3852;0
3853;0
3854;0
3855;0
3856;0
3857;0
3858;0
3859;0
3860;0
3861;0
3862;0
3863;0
3864;0
3865;0
3866;0
3867;0
3868;0
3869;0
3870;0
3871;0
3872;0
3873;0
3874;0
3875;0
3876;0
3877;0
3878;0
3879;0
3880;0
3881;0
3882;0
3883;0
3884;0
3885;0
3886;0
3887;0
3888;0
3889;0
3890;0
3891;0
3892;0
3893;0
3894;0
3895;0
3896;0
3897;0
3898;0
3899;0
3900;0
3901;0
3902;1
3903;1
3904;1
3905;1
3906;1
3907;1
3908;1
3909;1
3910;1
3911;1
3912;1
3913;1
3914;1
3915;1
3916;1
3917;1
3918;1
3919;1
3920;1
3921;1
3922;1
3923;1
3924;1
3925;1
3926;1
3927;1
3928;1
3929;1
3930;1
3931;1
3932;1
3933;1
3934;1
3935;1
3936;1
3937;1
3938;1
3939;1
3940;1
3941;1
3942;1
3943;1
3944;1
3945;1
3946;1
3947;1
3948;1
3949;1
3950;1
3951;1
3952;1
3953;1
3954;1
3955;1
3956;1
3957;1
3958;1
3959;1
3960;1
3961;1
3962;1
3963;1
3964;1
3965;1
3966;1
3967;1
3968;1
3969;1
3970;1
3971;1
3972;1
3973;1
3974;1
3975;1
3976;1
3977;1
3978;1
3979;1
3980;1
3981;1
3982;1
3983;1
3984;1
3985;1
3986;1
3987;1
3988;1
3989;1
3990;1
3991;1
3992;1
3993;1
3994;1
3995;1
3996;1
3997;1
3998;1
3999;1
4000;1
4001;1
4002;1
4003;1
4004;1
4005;1
4006;1
4007;1
4008;1
4009;1
4010;1
4011;1
4012;1
4013;1
4014;1
4015;1
4016;1
4017;1
4018;1
4019;1
4020;1
4021;1
4022;1
4023;1
4024;1
4025;1
4026;1
4027;1
4028;1
4029;1
4030;1
4031;1
4032;1
4033;1
4034;1
4035;1
4036;1
4037;1
4038;1
4039;1
4040;1
4041;1
4042;1
4043;1
4044;1
4045;1
4046;1
4047;1
4048;1
4049;1
4050;1
4051;1
4052;1
4053;1
4054;1
4055;1
4056;1
4057;1
4058;1
4059;1
4060;1
4061;1
4062;1
4063;1
4064;1
4065;1
4066;1
4067;1
4068;1
4069;1
4070;1
4071;1
4072;1
4073;1
4074;1
4075;1
4076;1
4077;1
4078;1
4079;1
4080;1
4081;1
4082;1
4083;1
4084;1
4085;1
4086;1
4087;1
4088;1
4089;1
4090;1
4091;1
4092;1
4093;1
4094;1
4095;1
4096;1
4097;1
4098;1
4099;1
4100;0
4101;0
4102;0
4103;0
4104;0
4105;0
4106;0
4107;0
4108;0
4109;0
4110;0
4111;0
4112;0
4113;0
4114;0
4115;0
4116;0
4117;0
4118;0
4119;0
4120;0
4121;0
4122;0
4123;0
4124;0
4125;0
4126;0
4127;0
4128;0
4129;0
4130;0
4131;0
4132;0
4133;0
4134;0
4135;0
4136;0
4137;0
4138;0
4139;0
4140;0
4141;0
4142;0
4143;0
4144;0
4145;0
4146;0
4147;0
4148;0
4149;0
4150;0
4151;0
4152;0
4153;0
4154;0
4155;0
4156;0
4157;0
4158;0
4159;0
4160;0
4161;0
4162;0
4163;0
4164;0
4165;0
4166;0
4167;0
4168;0
4169;0
4170;0
4171;0
4172;0
4173;0
4174;0
4175;0
4176;0
4177;0
4178;0
4179;0
4180;0
4181;0
4182;0
4183;0
4184;0
4185;0
4186;0
4187;0
4188;0
4189;0
4190;0
4191;0
4192;0
4193;0
4194;0
4195;0
4196;0
4197;0
4198;0
4199;0
4200;0
4201;0
4202;0
4203;0
4204;0
4205;0
4206;0
4207;0
4208;0
4209;0
4210;0
4211;0
4212;0
4213;0
4214;0
4215;0
4216;0
4217;0
4218;0
4219;0
4220;0
4221;0
4222;0
4223;0
4224;0
4225;0
4226;0
4227;0
4228;0
4229;0
4230;0
4231;0
4232;0
4233;0
4234;0
4235;0
4236;0
4237;0
4238;0
4239;0
4240;0
4241;0
4242;0
4243;0
4244;0
4245;0
4246;0
4247;0
4248;0
4249;0
4250;0
4251;0
4252;0
4253;0
4254;0
4255;0
4256;0
4257;0
4258;0
4259;0
4260;0
4261;0
4262;1
4263;1
4264;1
4265;1
4266;1
4267;1
4268;1
4269;1
4270;1
4271;1
4272;1
4273;1
4274;1
4275;1
4276;1
4277;1
4278;1
4279;1
4280;1
4281;1
4282;1
4283;1
4284;1
4285;1
4286;1
4287;1
4288;1
4289;1
4290;1
4291;1
4292;1
4293;1
4294;1
4295;1
4296;1
4297;1
4298;1
4299;1
4300;1
4301;1
4302;1
4303;1
4304;1
4305;1
4306;1
4307;1
4308;1
4309;1
4310;1
4311;1
4312;1
4313;1
4314;1
4315;1
4316;1
4317;1
4318;1
4319;1
4320;1
4321;1
4322;1
4323;1
4324;1
4325;1
4326;1
4327;1
4328;1
4329;1
4330;1
4331;1
4332;1
4333;1
4334;1
4335;1
4336;1
4337;1
4338;1
4339;1
4340;1
4341;1
4342;1
4343;1
4344;1
4345;1
4346;1
4347;1
4348;1
4349;1
4350;1
4351;1
4352;1
4353;1
4354;1
4355;1
4356;1
4357;1
4358;1
4359;1
4360;1
4361;1
4362;1
4363;1
4364;1
4365;1
4366;1
4367;1
4368;1
4369;1
4370;1
4371;1
4372;1
4373;1
4374;1
4375;1
4376;1
4377;1
4378;1
4379;1
4380;1
4381;1
4382;1
4383;1
4384;1
4385;1
4386;1
4387;1
4388;1
4389;1
4390;1
4391;1
4392;1
4393;1
4394;1
4395;1
4396;1
4397;1
4398;1
4399;1
4400;1
4401;1
4402;1
4403;1
4404;1
4405;1
4406;1
4407;1
4408;1
4409;1
4410;1
4411;1
4412;1
4413;1
4414;1
4415;1
4416;1
4417;1
4418;1
4419;1
4420;1
4421;1
4422;1
4423;1
4424;1
4425;1
4426;1
4427;1
4428;1
4429;1
4430;1
4431;1
4432;1
4433;1
4434;1
4435;1
4436;1
4437;1
4438;1
4439;1
4440;1
4441;1
4442;1
4443;1
4444;1
4445;1
4446;1
4447;1
4448;1
4449;1
4450;1
4451;1
4452;1
4453;1
4454;1
4455;1
4456;1
4457;1
4458;1
4459;1
4460;0
4461;0
4462;0
4463;0
4464;0
4465;0
4466;0
4467;0
4468;0
4469;0
4470;0
4471;0
4472;0
4473;0
4474;0
4475;0
4476;0
4477;0
4478;0
4479;0
4480;0
4481;0
4482;0
4483;0
4484;0
4485;0
4486;0
4487;0
4488;0
4489;0
4490;0
4491;0
4492;0
4493;0
4494;0
4495;0
4496;0
4497;0
4498;0
4499;0
4500;0
4501;0
4502;0
4503;0
4504;0
4505;0
4506;0
4507;0
4508;0
4509;0
4510;0
4511;0
4512;0
4513;0
4514;0
4515;0
4516;0
4517;0
4518;0
4519;0
4520;0
4521;0
4522;0
4523;0
4524;0
4525;0
4526;0
4527;0
4528;0
4529;0
4530;0
4531;0
4532;0
4533;0
4534;0
4535;0
4536;0
4537;0
4538;0
4539;0
4540;0
4541;0
4542;0
4543;0
4544;0
4545;0
4546;0
4547;0
4548;0
4549;0
4550;0
4551;0
4552;0
4553;0
4554;0
4555;0
4556;0
4557;0
4558;0
4559;0
4560;0
4561;0
4562;0
4563;0
4564;0
4565;0
4566;0
4567;0
4568;0
4569;0
4570;0
4571;0
4572;0
4573;0
4574;0
4575;0
4576;0
4577;0
4578;0
4579;0
4580;0
4581;0
4582;0
4583;0
4584;0
4585;0
4586;0
4587;0
4588;0
4589;0
4590;0
4591;0
4592;0
4593;0
4594;0
4595;0
4596;0
4597;0
4598;0
4599;0
4600;0
4601;0
4602;0
4603;0
4604;0
4605;0
4606;0
4607;0
4608;0
4609;0
4610;0
4611;0
4612;0
4613;0
4614;0
4615;0
4616;0
4617;0
4618;1
4619;1
4620;0
4621;0
4622;0
4623;0
4624;1
4625;1
4626;1
4627;1
4628;1
4629;1
4630;1
4631;1
4632;1
4633;1
4634;1
4635;1
4636;1
4637;1
4638;1
4639;1
4640;1
4641;1
4642;1
4643;1
4644;1
4645;1
4646;1
4647;1
4648;1
4649;1
4650;1
4651;1
4652;1
4653;1
4654;1
4655;1
4656;1
4657;1
4658;1
4659;1
4660;1
4661;1
4662;1
4663;1
4664;1
4665;1
4666;1
4667;1
4668;1
4669;1
4670;1
4671;1
4672;1
4673;1
4674;1
4675;1
4676;1
4677;1
4678;1
4679;1
4680;1
4681;1
4682;1
4683;1
4684;1
4685;1
4686;1
4687;1
4688;1
4689;1
4690;1
4691;1
4692;1
4693;1
4694;1
4695;1
4696;1
4697;1
4698;1
4699;1
4700;1
4701;1
4702;1
4703;1
4704;1
4705;1
4706;1
4707;1
4708;1
4709;1
4710;1
4711;1
4712;1
4713;1
4714;1
4715;1
4716;1
4717;1
4718;1
4719;1
4720;1
4721;1
4722;1
4723;1
4724;1
4725;1
4726;1
4727;1
4728;1
4729;1
4730;1
4731;1
4732;1
4733;1
4734;1
4735;1
4736;1
4737;1
4738;1
4739;1
4740;1
4741;1
4742;1
4743;1
4744;1
4745;1
4746;1
4747;1
4748;1
4749;1
4750;1
4751;1
4752;1
4753;1
4754;1
4755;1
4756;1
4757;1
4758;1
4759;1
4760;1
4761;1
4762;1
4763;1
4764;1
4765;1
4766;1
4767;1
4768;1
4769;1
4770;1
4771;1
4772;1
4773;1
4774;1
4775;1
4776;1
4777;1
4778;1
4779;1
4780;1
4781;1
4782;1
4783;1
4784;1
4785;1
4786;1
4787;1
4788;1
4789;1
4790;1
4791;1
4792;1
4793;1
4794;1
4795;1
4796;1
4797;1
4798;1
4799;1
4800;1
4801;1
4802;1
4803;1
4804;1
4805;1
4806;1
4807;1
4808;1
4809;1
4810;1
4811;1
4812;1
4813;1
4814;1
4815;1
4816;1
4817;0
4818;0
4819;0
4820;0
4821;0
4822;0
4823;0
4824;0
4825;0
4826;0
4827;0
4828;0
4829;0
4830;0
4831;0
4832;0
4833;0
4834;0
4835;0
4836;0
4837;0
4838;0
4839;0
4840;0
4841;0
4842;0
4843;0
4844;0
4845;0
4846;0
4847;0
4848;0
4849;0
4850;0
4851;0
4852;0
4853;0
4854;0
4855;0
4856;0
4857;0
4858;0
4859;0
4860;0
4861;0
4862;0
4863;0
4864;0
4865;0
4866;0
4867;0
4868;0
4869;0
4870;0
4871;0
4872;0
4873;0
4874;0
4875;0
4876;0
4877;0
4878;0
4879;0
4880;0
4881;0
4882;0
4883;0
4884;0
4885;0
4886;0
4887;0
4888;0
4889;0
4890;0
4891;0
4892;0
4893;0
4894;0
4895;0
4896;0
4897;0
4898;0
4899;0
4900;0
4901;0
4902;0
4903;0
4904;0
4905;0
4906;0
4907;0
4908;0
4909;0
4910;0
4911;0
4912;0
4913;0
4914;0
4915;0
4916;0
4917;0
4918;0
4919;0
4920;0
4921;0
4922;0
4923;0
4924;0
4925;0
4926;0
4927;0
4928;0
4929;0
4930;0
4931;0
4932;0
4933;0
4934;0
4935;0
4936;0
4937;0
4938;0
4939;0
4940;0
4941;0
4942;0
4943;0
4944;0
4945;0
4946;0
4947;0
4948;0
4949;0
4950;0
4951;0
4952;0
4953;0
4954;0
4955;0
4956;0
4957;0
4958;0
4959;0
4960;0
4961;0
4962;0
4963;0
4964;0
4965;0
4966;0
4967;0
4968;0
4969;0
4970;0
4971;0
4972;0
4973;0
4974;0
4975;0
4976;0
4977;0
4978;0
4979;1
4980;1
4981;1
4982;1
4983;1
4984;1
4985;1
4986;1
4987;1
4988;1
4989;1
4990;1
4991;1
4992;1
4993;1
4994;1
4995;1
4996;1
4997;1
4998;1
4999;1
5000;1
5001;1
5002;1
5003;1
5004;1
5005;1
5006;1
5007;1
5008;1
5009;1
5010;1
5011;1
5012;1
5013;1
5014;1
5015;1
5016;1
5017;1
5018;1
5019;1
5020;1
5021;1
5022;1
5023;1
5024;1
5025;1
5026;1
5027;1
5028;1
5029;1
5030;1
5031;1
5032;1
5033;1
5034;1
5035;1
5036;1
5037;1
5038;1
5039;1
5040;1
5041;1
5042;1
5043;1
5044;1
5045;1
5046;1
5047;1
5048;1
5049;1
5050;1
5051;1
5052;1
5053;1
5054;1
5055;1
5056;1
5057;1
5058;1
5059;1
5060;1
5061;1
5062;1
5063;1
5064;1
5065;1
5066;1
5067;1
5068;1
5069;1
5070;1
5071;1
5072;1
5073;1
5074;1
5075;1
5076;1
5077;1
5078;1
5079;1
5080;1
5081;1
5082;1
5083;1
5084;1
5085;1
5086;1
5087;1
5088;1
5089;1
5090;1
5091;1
5092;1
5093;1
5094;1
5095;1
5096;1
5097;1
5098;1
5099;1
5100;1
5101;1
5102;1
5103;1
5104;1
5105;1
5106;1
5107;1
5108;1
5109;1
5110;1
5111;1
5112;1
5113;1
5114;1
5115;1
5116;1
5117;1
5118;1
5119;1
5120;1
5121;1
5122;1
5123;1
5124;1
5125;1
5126;1
5127;1
5128;1
5129;1
5130;1
5131;1
5132;1
5133;1
5134;1
5135;1
5136;1
5137;1
5138;1
5139;1
5140;1
5141;1
5142;1
5143;1
5144;1
5145;1
5146;1
5147;1
5148;1
5149;1
5150;1
5151;1
5152;1
5153;1
5154;1
5155;1
5156;1
5157;1
5158;1
5159;1
5160;1
5161;1
5162;1
5163;1
5164;1
5165;1
5166;1
5167;1
5168;1
5169;1
5170;1
5171;1
5172;1
5173;1
5174;1
5175;1
5176;1
5177;0
5178;0
5179;0
5180;0
5181;0
5182;0
5183;0
5184;0
5185;0
5186;0
5187;0
5188;0
5189;0
5190;0
5191;0
5192;0
5193;0
5194;0
5195;0
5196;0
5197;0
5198;0
5199;0
5200;0
5201;0
5202;0
5203;0
5204;0
5205;0
5206;0
5207;0
5208;0
5209;0
5210;0
5211;0
5212;0
5213;0
5214;0
5215;0
5216;0
5217;0
5218;0
5219;0
5220;0
5221;0
5222;0
5223;0
5224;0
5225;0
5226;0
5227;0
5228;0
5229;0
5230;0
5231;0
5232;0
5233;0
5234;0
5235;0
5236;0
5237;0
5238;0
5239;0
5240;0
5241;0
5242;0
5243;0
5244;0
5245;0
5246;0
5247;0
5248;0
5249;0
5250;0
5251;0
5252;0
5253;0
5254;0
5255;0
5256;0
5257;0
5258;0
5259;0
5260;0
5261;0
5262;0
5263;0
5264;0
5265;0
5266;0
5267;0
5268;0
5269;0
5270;0
5271;0
5272;0
5273;0
5274;0
5275;0
5276;0
5277;0
5278;0
5279;0
5280;0
5281;0
5282;0
5283;0
5284;0
5285;0
5286;0
5287;0
5288;0
5289;0
5290;0
5291;0
5292;0
5293;0
5294;0
5295;0
5296;0
5297;0
5298;0
5299;0
5300;0
5301;0
5302;0
5303;0
5304;0
5305;0
5306;0
5307;0
5308;0
5309;0
5310;0
5311;0
5312;0
5313;0
5314;0
5315;0
5316;0
5317;0
5318;0
5319;0
5320;0
5321;0
5322;0
5323;0
5324;0
5325;0
5326;0
5327;0
5328;0
5329;0
5330;0
5331;0
5332;0
5333;0
5334;0
5335;0
5336;0
5337;0
5338;0
5339;1
5340;1
5341;1
5342;1
5343;1
5344;1
5345;1
5346;1
5347;1
5348;1
5349;1
5350;1
5351;1
5352;1
5353;1
5354;1
5355;1
5356;1
5357;1
5358;1
5359;1
5360;1
5361;1
5362;1
5363;1
5364;1
5365;1
5366;1
5367;1
5368;1
5369;1
5370;1
5371;1
5372;1
5373;1
5374;1
5375;1
5376;1
5377;1
5378;1
5379;1
5380;1
5381;1
5382;1
5383;1
5384;1
5385;1
5386;1
5387;1
5388;1
5389;1
5390;1
5391;1
5392;1
5393;1
5394;1
5395;1
5396;1
5397;1
5398;1
5399;1
5400;1
5401;1
5402;1
5403;1
5404;1
5405;1
5406;1
5407;1
5408;1
5409;1
5410;1
5411;1
5412;1
5413;1
5414;1
5415;1
5416;1
5417;1
5418;1
5419;1
5420;1
5421;1
5422;1
5423;1
5424;1
5425;1
5426;1
5427;1
5428;1
5429;1
5430;1
5431;1
5432;1
5433;1
5434;1
5435;1
5436;1
5437;1
5438;1
5439;1
5440;1
5441;1
5442;1
5443;1
5444;1
5445;1
5446;1
5447;1
5448;1
5449;1
5450;1
5451;1
5452;1
5453;1
5454;1
5455;1
5456;1
5457;1
5458;1
5459;1
5460;1
5461;1
5462;1
5463;1
5464;1
5465;1
5466;1
5467;1
5468;1
5469;1
5470;1
5471;1
5472;1
5473;1
5474;1
5475;1
5476;1
5477;1
5478;1
5479;1
5480;1
5481;1
5482;1
5483;1
5484;1
5485;1
5486;1
5487;1
5488;1
5489;1
5490;1
5491;1
5492;1
5493;1
5494;1
5495;1
5496;1
5497;1
5498;1
5499;1
5500;1
5501;1
5502;1
5503;1
5504;1
5505;1
5506;1
5507;1
5508;1
5509;1
5510;1
5511;1
5512;1
5513;1
5514;1
5515;1
5516;1
5517;1
5518;1
5519;1
5520;1
5521;1
5522;1
5523;1
5524;1
5525;1
5526;1
5527;1
5528;1
5529;1
5530;1
5531;1
5532;1
5533;1
5534;1
5535;1
5536;1
5537;0
5538;0
5539;0
5540;0
5541;0
5542;0
5543;0
5544;0
5545;0
5546;0
5547;0
5548;0
5549;0
5550;0
5551;0
5552;0
5553;0
5554;0
5555;0
5556;0
5557;0
5558;0
5559;0
5560;0
5561;0
5562;0
5563;0
5564;0
5565;0
5566;0
5567;0
5568;0
5569;0
5570;0
5571;0
5572;0
5573;0
5574;0
5575;0
5576;0
5577;0
5578;0
5579;0
5580;0
5581;0
5582;0
5583;0
5584;0
5585;0
5586;0
5587;0
5588;0
5589;0
5590;0
5591;0
5592;0
5593;0
5594;0
5595;0
5596;0
5597;0
5598;0
5599;0
5600;0
5601;0
5602;0
5603;0
5604;0
5605;0
5606;0
5607;0
5608;0
5609;0
5610;0
5611;0
5612;0
5613;0
5614;0
5615;0
5616;0
5617;0
5618;0
5619;0
5620;0
5621;0
5622;0
5623;0
5624;0
5625;0
5626;0
5627;0
5628;0
5629;0
5630;0
5631;0
5632;0
5633;0
5634;0
5635;0
5636;0
5637;0
5638;0
5639;0
5640;0
5641;0
5642;0
5643;0
5644;0
5645;0
5646;0
5647;0
5648;0
5649;0
5650;0
5651;0
5652;0
5653;0
5654;0
5655;0
5656;0
5657;0
5658;0
5659;0
5660;0
5661;0
5662;0
5663;0
5664;0
5665;0
5666;0
5667;0
5668;0
5669;0
5670;0
5671;0
5672;0
5673;0
5674;0
5675;0
5676;0
5677;0
5678;0
5679;0
5680;0
5681;0
5682;0
5683;0
5684;0
5685;0
5686;0
5687;0
5688;0
5689;0
5690;0
5691;0
5692;0
5693;0
5694;0
5695;0
5696;0
5697;0
5698;0
5699;0
5700;0
5701;1
5702;1
5703;1
5704;1
5705;1
5706;1
5707;1
5708;1
5709;1
5710;1
5711;1
5712;1
5713;1
5714;1
5715;1
5716;1
5717;1
5718;1
5719;1
5720;1
5721;1
5722;1
5723;1
5724;1
5725;1
5726;1
5727;1
5728;1
5729;1
5730;1
5731;1
5732;1
5733;1
5734;1
5735;1
5736;1
5737;1
5738;1
5739;1
5740;1
5741;1
5742;1
5743;1
5744;1
5745;1
5746;1
5747;1
5748;1
5749;1
5750;1
5751;1
5752;1
5753;1
5754;1
5755;1
5756;1
5757;1
5758;1
5759;1
5760;1
5761;1
5762;1
5763;1
5764;1
5765;1
5766;1
5767;1
5768;1
5769;1
5770;1
5771;1
5772;1
5773;1
5774;1
5775;1
5776;1
5777;1
5778;1
5779;1
5780;1
5781;1
5782;1
5783;1
5784;1
5785;1
5786;1
5787;1
5788;1
5789;1
5790;1
5791;1
5792;1
5793;1
5794;1
5795;1
5796;1
5797;1
5798;1
5799;1
5800;1
5801;1
5802;1
5803;1
5804;1
5805;1
5806;1
5807;1
5808;1
5809;1
5810;1
5811;1
5812;1
5813;1
5814;1
5815;1
5816;1
5817;1
5818;1
5819;1
5820;1
5821;1
5822;1
5823;1
5824;1
5825;1
5826;1
5827;1
5828;1
5829;1
5830;1
5831;1
5832;1
5833;1
5834;1
5835;1
5836;1
5837;1
5838;1
5839;1
5840;1
5841;1
5842;1
5843;1
5844;1
5845;1
5846;1
5847;1
5848;1
5849;1
5850;1
5851;1
5852;1
5853;1
5854;1
5855;1
5856;1
5857;1
5858;1
5859;1
5860;1
5861;1
5862;1
5863;1
5864;1
5865;1
5866;1
5867;1
5868;1
5869;1
5870;1
5871;1
5872;1
5873;1
5874;1
5875;1
5876;1
5877;1
5878;1
5879;1
5880;1
5881;1
5882;1
5883;1
5884;1
5885;1
5886;1
5887;1
5888;1
5889;1
5890;1
5891;1
5892;1
5893;1
5894;1
5895;1
5896;1
5897;1
5898;1
5899;0
5900;0
5901;0
5902;0
5903;0
5904;0
5905;0
5906;0
5907;0
5908;0
5909;0
5910;0
5911;0
5912;0
5913;0
5914;0
5915;0
5916;0
5917;0
5918;0
5919;0
5920;0
5921;0
5922;0
5923;0
5924;0
5925;0
5926;0
5927;0
5928;0
5929;0
5930;0
5931;0
5932;0
5933;0
5934;0
5935;0
5936;0
5937;0
5938;0
5939;0
5940;0
5941;0
5942;0
5943;0
5944;0
5945;0
5946;0
5947;0
5948;0
5949;0
5950;0
5951;0
5952;0
5953;0
5954;0
5955;0
5956;0
5957;0
5958;0
5959;0
5960;0
5961;0
5962;0
5963;0
5964;0
5965;0
5966;0
5967;0
5968;0
5969;0
5970;0
5971;0
5972;0
5973;0
5974;0
5975;0
5976;0
5977;0
5978;0
5979;0
5980;0
5981;0
5982;0
5983;0
5984;0
5985;0
5986;0
5987;0
5988;0
5989;0
5990;0
5991;0
5992;0
5993;0
5994;0
5995;0
5996;0
5997;0
5998;0
5999;0
6000;0
6001;0
6002;0
6003;0
6004;0
6005;0
6006;0
6007;0
6008;0
6009;0
6010;0
6011;0
6012;0
6013;0
6014;0
6015;0
6016;0
6017;0
6018;0
6019;0
6020;0
6021;0
6022;0
6023;0
6024;0
6025;0
6026;0
6027;0
6028;0
6029;0
6030;0
6031;0
6032;0
6033;0
6034;0
6035;0
6036;0
6037;0
6038;0
6039;0
6040;0
6041;0
6042;0
6043;0
6044;0
6045;0
6046;0
6047;0
6048;0
6049;0
6050;0
6051;0
6052;0
6053;0
6054;0
6055;0
6056;0
6057;0
6058;0
6059;0
6060;0
6061;0
6062;0
6063;1
6064;1
6065;1
6066;1
6067;1
6068;1
6069;1
6070;1
6071;1
6072;1
6073;1
6074;1
6075;1
6076;1
6077;1
6078;1
6079;1
6080;1
6081;1
6082;1
6083;1
6084;1
6085;1
6086;1
6087;1
6088;1
6089;1
6090;1
6091;1
6092;1
6093;1
6094;1
6095;1
6096;1
6097;1
6098;1
6099;1
6100;1
6101;1
6102;1
6103;1
6104;1
6105;1
6106;1
6107;1
6108;1
6109;1
6110;1
6111;1
6112;1
6113;1
6114;1
6115;1
6116;1
6117;1
6118;1
6119;1
6120;1
6121;1
6122;1
6123;1
6124;1
6125;1
6126;1
6127;1
6128;1
6129;1
6130;1
6131;1
6132;1
6133;1
6134;1
6135;1
6136;1
6137;1
6138;1
6139;1
6140;1
6141;1
6142;1
6143;1
6144;1
6145;1
6146;1
6147;1
6148;1
6149;1
6150;1
6151;1
6152;1
6153;1
6154;1
6155;1
6156;1
6157;1
6158;1
6159;1
6160;1
6161;1
6162;1
6163;1
6164;1
6165;1
6166;1
6167;1
6168;1
6169;1
6170;1
6171;1
6172;1
6173;1
6174;1
6175;1
6176;1
6177;1
6178;1
6179;1
6180;1
6181;1
6182;1
6183;1
6184;1
6185;1
6186;1
6187;1
6188;1
6189;1
6190;1
6191;1
6192;1
6193;1
6194;1
6195;1
6196;1
6197;1
6198;1
6199;1
6200;1
6201;1
6202;1
6203;1
6204;1
6205;1
6206;1
6207;1
6208;1
6209;1
6210;1
6211;1
6212;1
6213;1
6214;1
6215;1
6216;1
6217;1
6218;1
6219;1
6220;1
6221;1
6222;1
6223;1
6224;1
6225;1
6226;1
6227;1
6228;1
6229;1
6230;1
6231;1
6232;1
6233;1
6234;1
6235;1
6236;1
6237;1
6238;1
6239;1
6240;1
6241;1
6242;1
6243;1
6244;1
6245;1
6246;1
6247;1
6248;1
6249;1
6250;1
6251;1
6252;1
6253;1
6254;1
6255;1
6256;1
6257;1
6258;1
6259;1
6260;1
6261;0
6262;0
6263;0
6264;0
6265;0
6266;0
6267;0
6268;0
6269;0
6270;0
6271;0
6272;0
6273;0
6274;0
6275;0
6276;0
6277;0
6278;0
6279;0
6280;0
6281;0
6282;0
6283;0
6284;0
6285;0
6286;0
6287;0
6288;0
6289;0
6290;0
6291;0
6292;0
6293;0
6294;0
6295;0
6296;0
6297;0
6298;0
6299;0
6300;0
6301;0
6302;0
6303;0
6304;0
6305;0
6306;0
6307;0
6308;0
6309;0
6310;0
6311;0
6312;0
6313;0
6314;0
6315;0
6316;0
6317;0
6318;0
6319;0
6320;0
6321;0
6322;0
6323;0
6324;0
6325;0
6326;0
6327;0
6328;0
6329;0
6330;0
6331;0
6332;0
6333;0
6334;0
6335;0
6336;0
6337;0
6338;0
6339;0
6340;0
6341;0
6342;0
6343;0
6344;0
6345;0
6346;0
6347;0
6348;0
6349;0
6350;0
6351;0
6352;0
6353;0
6354;0
6355;0
6356;0
6357;0
6358;0
6359;0
6360;0
6361;0
6362;0
6363;0
6364;0
6365;0
6366;0
6367;0
6368;0
6369;0
6370;0
6371;0
6372;0
6373;0
6374;0
6375;0
6376;0
6377;0
6378;0
6379;0
6380;0
6381;0
6382;0
6383;0
6384;0
6385;0
6386;0
6387;0
6388;0
6389;0
6390;0
6391;0
6392;0
6393;0
6394;0
6395;0
6396;0
6397;0
6398;0
6399;0
6400;0
6401;0
6402;0
6403;0
6404;0
6405;0
6406;0
6407;0
6408;0
6409;0
6410;0
6411;0
6412;0
6413;0
6414;0
6415;0
6416;0
6417;0
6418;0
6419;0
6420;0
6421;0
6422;0
6423;1
6424;1
6425;1
6426;1
6427;1
6428;1
6429;1
6430;1
6431;1
6432;1
6433;1
6434;1
6435;1
6436;1
6437;1
6438;1
6439;1
6440;1
6441;1
6442;1
6443;1
6444;1
6445;1
6446;1
6447;1
6448;1
6449;1
6450;1
6451;1
6452;1
6453;1
6454;1
6455;1
6456;1
6457;1
6458;1
6459;1
6460;1
6461;1
6462;1
6463;1
6464;1
6465;1
6466;1
6467;1
6468;1
6469;1
6470;1
6471;1
6472;1
6473;1
6474;1
6475;1
6476;1
6477;1
6478;1
6479;1
6480;1
6481;1
6482;1
6483;1
6484;1
6485;1
6486;1
6487;1
6488;1
6489;1
6490;1
6491;1
6492;1
6493;1
6494;1
6495;1
6496;1
6497;1
6498;1
6499;1
6500;1
6501;1
6502;1
6503;1
6504;1
6505;1
6506;1
6507;1
6508;1
6509;1
6510;1
6511;1
6512;1
6513;1
6514;1
6515;1
6516;1
6517;1
6518;1
6519;1
6520;1
6521;1
6522;1
6523;1
6524;1
6525;1
6526;1
6527;1
6528;1
6529;1
6530;1
6531;1
6532;1
6533;1
6534;1
6535;1
6536;1
6537;1
6538;1
6539;1
6540;1
6541;1
6542;1
6543;1
6544;1
6545;1
6546;1
6547;1
6548;1
6549;1
6550;1
6551;1
6552;1
6553;1
6554;1
6555;1
6556;1
6557;1
6558;1
6559;1
6560;1
6561;1
6562;1
6563;1
6564;1
6565;1
6566;1
6567;1
6568;1
6569;1
6570;1
6571;1
6572;1
6573;1
6574;1
6575;1
6576;1
6577;1
6578;1
6579;1
6580;1
6581;1
6582;1
6583;1
6584;1
6585;1
6586;1
6587;1
6588;1
6589;1
6590;1
6591;1
6592;1
6593;1
6594;1
6595;1
6596;1
6597;1
6598;1
6599;1
6600;1
6601;1
6602;1
6603;1
6604;1
6605;1
6606;1
6607;1
6608;1
6609;1
6610;1
6611;1
6612;1
6613;1
6614;1
6615;1
6616;1
6617;1
6618;1
6619;1
6620;1
6621;0
6622;0
6623;0
6624;0
6625;0
6626;0
6627;0
6628;0
6629;0
6630;0
6631;0
6632;0
6633;0
6634;0
6635;0
6636;0
6637;0
6638;0
6639;0
6640;0
6641;0
6642;0
6643;0
6644;0
6645;0
6646;0
6647;0
6648;0
6649;0
6650;0
6651;0
6652;0
6653;0
6654;0
6655;0
6656;0
6657;0
6658;0
6659;0
6660;0
6661;0
6662;0
6663;0
6664;0
6665;0
6666;0
6667;0
6668;0
6669;0
6670;0
6671;0
6672;0
6673;0
6674;0
6675;0
6676;0
6677;0
6678;0
6679;0
6680;0
6681;0
6682;0
6683;0
6684;0
6685;0
6686;0
6687;0
6688;0
6689;0
6690;0
6691;0
6692;0
6693;0
6694;0
6695;0
6696;0
6697;0
6698;0
6699;0
6700;0
6701;0
6702;0
6703;0
6704;0
6705;0
6706;0
6707;0
6708;0
6709;0
6710;0
6711;0
6712;0
6713;0
6714;0
6715;0
6716;0
6717;0
6718;0
6719;0
6720;0
6721;0
6722;0
6723;0
6724;0
6725;0
6726;0
6727;0
6728;0
6729;0
6730;0
6731;0
6732;0
6733;0
6734;0
6735;0
6736;0
6737;0
6738;0
6739;0
6740;0
6741;0
6742;0
6743;0
6744;0
6745;0
6746;0
6747;0
6748;0
6749;0
6750;0
6751;0
6752;0
6753;0
6754;0
6755;0
6756;0
6757;0
6758;0
6759;0
6760;0
6761;0
6762;0
6763;0
6764;0
6765;0
6766;0
6767;0
6768;0
6769;0
6770;0
6771;0
6772;0
6773;0
6774;0
6775;0
6776;0
6777;0
6778;0
6779;1
6780;1
6781;0
6782;0
6783;0
6784;0
6785;1
6786;1
6787;1
6788;1
6789;1
6790;1
6791;1
6792;1
6793;1
6794;1
6795;1
6796;1
6797;1
6798;1
6799;1
6800;1
6801;1
6802;1
6803;1
6804;1
6805;1
6806;1
6807;1
6808;1
6809;1
6810;1
6811;1
6812;1
6813;1
6814;1
6815;1
6816;1
6817;1
6818;1
6819;1
6820;1
6821;1
6822;1
6823;1
6824;1
6825;1
6826;1
6827;1
6828;1
6829;1
6830;1
6831;1
6832;1
6833;1
6834;1
6835;1
6836;1
6837;1
6838;1
6839;1
6840;1
6841;1
6842;1
6843;1
6844;1
6845;1
6846;1
6847;1
6848;1
6849;1
6850;1
6851;1
6852;1
6853;1
6854;1
6855;1
6856;1
6857;1
6858;1
6859;1
6860;1
6861;1
6862;1
6863;1
6864;1
6865;1
6866;1
6867;1
6868;1
6869;1
6870;1
6871;1
6872;1
6873;1
6874;1
6875;1
6876;1
6877;1
6878;1
6879;1
6880;1
6881;1
6882;1
6883;1
6884;1
6885;1
6886;1
6887;1
6888;1
6889;1
6890;1
6891;1
6892;1
6893;1
6894;1
6895;1
6896;1
6897;1
6898;1
6899;1
6900;1
6901;1
6902;1
6903;1
6904;1
6905;1
6906;1
6907;1
6908;1
6909;1
6910;1
6911;1
6912;1
6913;1
6914;1
6915;1
6916;1
6917;1
6918;1
6919;1
6920;1
6921;1
6922;1
6923;1
6924;1
6925;1
6926;1
6927;1
6928;1
6929;1
6930;1
6931;1
6932;1
6933;1
6934;1
6935;1
6936;1
6937;1
6938;1
6939;1
6940;1
6941;1
6942;1
6943;1
6944;1
6945;1
6946;1
6947;1
6948;1
6949;1
6950;1
6951;1
6952;1
6953;1
6954;1
6955;1
6956;1
6957;1
6958;1
6959;1
6960;1
6961;1
6962;1
6963;1
6964;1
6965;1
6966;1
6967;1
6968;1
6969;1
6970;1
6971;1
6972;1
6973;1
6974;1
6975;1
6976;1
6977;1
6978;1
6979;1
6980;1
6981;0
6982;0
6983;0
6984;0
6985;0
6986;0
6987;0
6988;0
6989;0
6990;0
6991;0
6992;0
6993;0
6994;0
6995;0
6996;0
6997;0
6998;0
6999;0
7000;0
7001;0
7002;0
7003;0
7004;0
7005;0
7006;0
7007;0
7008;0
7009;0
7010;0
7011;0
7012;0
7013;0
7014;0
7015;0
7016;0
7017;0
7018;0
7019;0
7020;0
7021;0
7022;0
7023;0
7024;0
7025;0
7026;0
7027;0
7028;0
7029;0
7030;0
7031;0
7032;0
7033;0
7034;0
7035;0
7036;0
7037;0
7038;0
7039;0
7040;0
7041;0
7042;0
7043;0
7044;0
7045;0
7046;0
7047;0
7048;0
7049;0
7050;0
7051;0
7052;0
7053;0
7054;0
7055;0
7056;0
7057;0
7058;0
7059;0
7060;0
7061;0
7062;0
7063;0
7064;0
7065;0
7066;0
7067;0
7068;0
7069;0
7070;0
7071;0
7072;0
7073;0
7074;0
7075;0
7076;0
7077;0
7078;0
7079;0
7080;0
7081;0
7082;0
7083;0
7084;0
7085;0
7086;0
7087;0
7088;0
7089;0
7090;0
7091;0
7092;0
7093;0
7094;0
7095;0
7096;0
7097;0
7098;0
7099;0
7100;0
7101;0
7102;0
7103;0
7104;0
7105;0
7106;0
7107;0
7108;0
7109;0
7110;0
7111;0
7112;0
7113;0
7114;0
7115;0
7116;0
7117;0
7118;0
7119;0
7120;0
7121;0
7122;0
7123;0
7124;0
7125;0
7126;0
7127;0
7128;0
7129;0
7130;0
7131;0
7132;0
7133;0
7134;0
7135;0
7136;0
7137;0
7138;0
7139;0
7140;0
7141;0
7142;0
7143;1
7144;1
7145;1
7146;1
7147;1
7148;1
7149;1
7150;1
7151;1
7152;1
7153;1
7154;1
7155;1
7156;1
7157;1
7158;1
7159;1
7160;1
7161;1
7162;1
7163;1
7164;1
7165;1
7166;1
7167;1
7168;1
7169;1
7170;1
7171;1
7172;1
7173;1
7174;1
7175;1
7176;1
7177;1
7178;1
7179;1
7180;1
7181;1
7182;1
7183;1
7184;1
7185;1
7186;1
7187;1
7188;1
7189;1
7190;1
7191;1
7192;1
7193;1
7194;1
7195;1
7196;1
7197;1
7198;1
7199;1
7200;1
7201;1
7202;1
7203;1
7204;1
7205;1
7206;1
7207;1
7208;1
7209;1
7210;1
7211;1
7212;1
7213;1
7214;1
7215;1
7216;1
7217;1
7218;1
7219;1
7220;1
7221;1
7222;1
7223;1
7224;1
7225;1
7226;1
7227;1
7228;1
7229;1
7230;1
7231;1
7232;1
7233;1
7234;1
7235;1
7236;1
7237;1
7238;1
7239;1
7240;1
7241;1
7242;1
7243;1
7244;1
7245;1
7246;1
7247;1
7248;1
7249;1
7250;1
7251;1
7252;1
7253;1
7254;1
7255;1
7256;1
7257;1
7258;1
7259;1
7260;1
7261;1
7262;1
7263;1
7264;1
7265;1
7266;1
7267;1
7268;1
7269;1
7270;1
7271;1
7272;1
7273;1
7274;1
7275;1
7276;1
7277;1
7278;1
7279;1
7280;1
7281;1
7282;1
7283;1
7284;1
7285;1
7286;1
7287;1
7288;1
7289;1
7290;1
7291;1
7292;1
7293;1
7294;1
7295;1
7296;1
7297;1
7298;1
7299;1
7300;1
7301;1
7302;1
7303;1
7304;1
7305;1
7306;1
7307;1
7308;1
7309;1
7310;1
7311;1
7312;1
7313;1
7314;1
7315;1
7316;1
7317;1
7318;1
7319;1
7320;1
7321;1
7322;1
7323;1
7324;1
7325;1
7326;1
7327;1
7328;1
7329;1
7330;1
7331;0
7332;0
7333;0
7334;0
7335;0
7336;0
7337;0
7338;0
7339;0
7340;1
7341;1
7342;1
7343;1
7344;1
7345;1
7346;1
7347;1
7348;1
7349;1
7350;0
7351;0
7352;0
7353;0
7354;0
7355;0
7356;0
7357;0
7358;0
7359;0
7360;0
7361;0
7362;0
7363;0
7364;0
7365;0
7366;0
7367;0
7368;0
7369;0
7370;0
7371;0
7372;0
7373;0
7374;0
7375;0
7376;0
7377;0
7378;0
7379;0
7380;0
7381;0
7382;0
7383;0
7384;0
7385;0
7386;0
7387;0
7388;0
7389;0
7390;0
7391;0
7392;0
7393;0
7394;0
7395;0
7396;0
7397;0
7398;0
7399;0
7400;0
7401;0
7402;0
7403;0
7404;0
7405;0
7406;0
7407;0
7408;0
7409;0
7410;0
7411;0
7412;0
7413;0
7414;0
7415;0
7416;0
7417;0
7418;0
7419;0
7420;0
7421;0
7422;0
7423;0
7424;0
7425;0
7426;0
7427;0
7428;0
7429;0
7430;0
7431;0
7432;0
7433;0
7434;0
7435;0
7436;0
7437;0
7438;0
7439;0
7440;0
7441;0
7442;0
7443;0
7444;0
7445;0
7446;0
7447;0
7448;0
7449;0
7450;0
7451;0
7452;0
7453;0
7454;0
7455;0
7456;0
7457;0
7458;0
7459;0
7460;0
7461;0
7462;0
7463;0
7464;0
7465;0
7466;0
7467;0
7468;0
7469;0
7470;0
7471;0
7472;0
7473;0
7474;0
7475;0
7476;0
7477;0
7478;0
7479;0
7480;0
7481;0
7482;0
7483;0
7484;0
7485;0
7486;0
7487;0
7488;0
7489;0
7490;0
7491;0
7492;0
7493;0
7494;0
7495;0
7496;0
7497;0
7498;0
7499;0
7500;0
7501;0
7502;0
7503;0
7504;0
7505;0
7506;0
7507;0
7508;0
7509;0
7510;0
7511;0
7512;1
7513;1
7514;1
7515;1
7516;1
7517;1
7518;1
7519;1
7520;1
7521;1
7522;1
7523;1
7524;1
7525;1
7526;1
7527;1
7528;1
7529;1
7530;1
7531;1
7532;1
7533;1
7534;1
7535;1
7536;1
7537;1
7538;1
7539;1
7540;1
7541;1
7542;1
7543;1
7544;1
7545;1
7546;1
7547;1
7548;1
7549;1
7550;1
7551;1
7552;1
7553;1
7554;1
7555;1
7556;1
7557;1
7558;1
7559;1
7560;1
7561;1
7562;1
7563;1
7564;1
7565;1
7566;1
7567;1
7568;1
7569;1
7570;1
7571;1
7572;1
7573;1
7574;1
7575;1
7576;1
7577;1
7578;1
7579;1
7580;1
7581;1
7582;1
7583;1
7584;1
7585;1
7586;1
7587;1
7588;1
7589;1
7590;1
7591;1
7592;1
7593;1
7594;1
7595;1
7596;1
7597;1
7598;1
7599;1
7600;1
7601;1
7602;1
7603;1
7604;1
7605;1
7606;1
7607;1
7608;1
7609;1
7610;1
7611;1
7612;1
7613;1
7614;1
7615;1
7616;1
7617;1
7618;1
7619;1
7620;1
7621;1
7622;1
7623;1
7624;1
7625;1
7626;1
7627;1
7628;1
7629;1
7630;1
7631;1
7632;1
7633;1
7634;1
7635;1
7636;1
7637;1
7638;1
7639;1
7640;1
7641;1
7642;1
7643;1
7644;1
7645;1
7646;1
7647;1
7648;1
7649;1
7650;1
7651;1
7652;1
7653;1
7654;1
7655;1
7656;1
7657;1
7658;1
7659;1
7660;1
7661;1
7662;1
7663;1
7664;1
7665;1
7666;1
7667;1
7668;1
7669;1
7670;1
7671;1
7672;1
7673;1
7674;1
7675;1
7676;1
7677;1
7678;1
7679;1
7680;1
7681;1
7682;1
7683;1
7684;1
7685;1
7686;1
7687;1
7688;1
7689;1
7690;1
7691;1
7692;1
7693;1
7694;1
7695;1
7696;1
7697;1
7698;1
7699;1
7700;1
7701;1
7702;1
7703;1
7704;1
7705;1
7706;1
7707;1
7708;1
7709;1
7710;0
7711;0
7712;0
7713;0
7714;0
7715;0
7716;0
7717;0
7718;0
7719;0
7720;0
7721;0
7722;0
7723;0
7724;0
7725;0
7726;0
7727;0
7728;0
7729;0
7730;0
7731;0
7732;0
7733;0
7734;0
7735;0
7736;0
7737;0
7738;0
7739;0
7740;0
7741;0
7742;0
7743;0
7744;0
7745;0
7746;0
7747;0
7748;0
7749;0
7750;0
7751;0
7752;0
7753;0
7754;0
7755;0
7756;0
7757;0
7758;0
7759;0
7760;0
7761;0
7762;0
7763;0
7764;0
7765;0
7766;0
7767;0
7768;0
7769;0
7770;0
7771;0
7772;0
7773;0
7774;0
7775;0
7776;0
7777;0
7778;0
7779;0
7780;0
7781;0
7782;0
7783;0
7784;0
7785;0
7786;0
7787;0
7788;0
7789;0
7790;0
7791;0
7792;0
7793;0
7794;0
7795;0
7796;0
7797;0
7798;0
7799;0
7800;0
7801;0
7802;0
7803;0
7804;0
7805;0
7806;0
7807;0
7808;0
7809;0
7810;0
7811;0
7812;0
7813;0
7814;0
7815;0
7816;0
7817;0
7818;0
7819;0
7820;0
7821;0
7822;0
7823;0
7824;0
7825;0
7826;0
7827;0
7828;0
7829;0
7830;0
7831;0
7832;0
7833;0
7834;0
7835;0
7836;0
7837;0
7838;0
7839;0
7840;0
7841;0
7842;0
7843;0
7844;0
7845;0
7846;0
7847;0
7848;0
7849;0
7850;0
7851;0
7852;0
7853;0
7854;0
7855;0
7856;0
7857;0
7858;0
7859;0
7860;0
7861;0
7862;0
7863;0
7864;0
7865;0
7866;0
7867;0
7868;0
7869;0
7870;0
7871;0
7872;1
7873;1
7874;1
7875;1
7876;1
7877;1
7878;1
7879;1
7880;1
7881;1
7882;1
7883;1
7884;1
7885;1
7886;1
7887;1
7888;1
7889;1
7890;1
7891;1
7892;1
7893;1
7894;1
7895;1
7896;1
7897;1
7898;1
7899;1
7900;1
7901;1
7902;1
7903;1
7904;1
7905;1
7906;1
7907;1
7908;1
7909;1
7910;1
7911;1
7912;1
7913;1
7914;1
7915;1
7916;1
7917;1
7918;1
7919;1
7920;1
7921;1
7922;1
7923;1
7924;1
7925;1
7926;1
7927;1
7928;1
7929;1
7930;1
7931;1
7932;1
7933;1
7934;1
7935;1
7936;1
7937;1
7938;1
7939;1
7940;1
7941;1
7942;1
7943;1
7944;1
7945;1
7946;1
7947;1
7948;1
7949;1
7950;1
7951;1
7952;1
7953;1
7954;1
7955;1
7956;1
7957;1
7958;1
7959;1
7960;1
7961;1
7962;1
7963;1
7964;1
7965;1
7966;1
7967;1
7968;1
7969;1
7970;1
7971;1
7972;1
7973;1
7974;1
7975;1
7976;1
7977;1
7978;1
7979;1
7980;1
7981;1
7982;1
7983;1
7984;1
7985;1
7986;1
7987;1
7988;1
7989;1
7990;1
7991;1
7992;1
7993;1
7994;1
7995;1
7996;1
7997;1
7998;1
7999;1
8000;1
8001;1
8002;1
8003;1
8004;1
8005;1
8006;1
8007;1
8008;1
8009;1
8010;1
8011;1
8012;1
8013;1
8014;1
8015;1
8016;1
8017;1
8018;1
8019;1
8020;1
8021;1
8022;1
8023;1
8024;1
8025;1
8026;1
8027;1
8028;1
8029;1
8030;1
8031;1
8032;1
8033;1
8034;1
8035;1
8036;1
8037;1
8038;1
8039;1
8040;1
8041;1
8042;1
8043;1
8044;1
8045;1
8046;1
8047;1
8048;1
8049;1
8050;1
8051;1
8052;1
8053;1
8054;1
8055;1
8056;1
8057;1
8058;1
8059;1
8060;1
8061;1
8062;1
8063;1
8064;1
8065;1
8066;1
8067;1
8068;1
8069;1
8070;0
8071;0
8072;0
8073;0
8074;0
8075;0
8076;0
8077;0
8078;0
8079;0
8080;0
8081;0
8082;0
8083;0
8084;0
8085;0
8086;0
8087;0
8088;0
8089;0
8090;0
8091;0
8092;0
8093;0
8094;0
8095;0
8096;0
8097;0
8098;0
8099;0
8100;0
8101;0
8102;0
8103;0
8104;0
8105;0
8106;0
8107;0
8108;0
8109;0
8110;0
8111;0
8112;0
8113;0
8114;0
8115;0
8116;0
8117;0
8118;0
8119;0
8120;0
8121;0
8122;0
8123;0
8124;0
8125;0
8126;0
8127;0
8128;0
8129;0
8130;0
8131;0
8132;0
8133;0
8134;0
8135;0
8136;0
8137;0
8138;0
8139;0
8140;0
8141;0
8142;0
8143;0
8144;0
8145;0
8146;0
8147;0
8148;0
8149;0
8150;0
8151;0
8152;0
8153;0
8154;0
8155;0
8156;0
8157;0
8158;0
8159;0
8160;0
8161;0
8162;0
8163;0
8164;0
8165;0
8166;0
8167;0
8168;0
8169;0
8170;0
8171;0
8172;0
8173;0
8174;0
8175;0
8176;0
8177;0
8178;0
8179;0
8180;0
8181;0
8182;0
8183;0
8184;0
8185;0
8186;0
8187;0
8188;0
8189;0
8190;0
8191;0
8192;0
8193;0
8194;0
8195;0
8196;0
8197;0
8198;0
8199;0
8200;0
8201;0
8202;0
8203;0
8204;0
8205;0
8206;0
8207;0
8208;0
8209;0
8210;0
8211;0
8212;0
8213;0
8214;0
8215;0
8216;0
8217;0
8218;0
8219;0
8220;0
8221;0
8222;0
8223;0
8224;0
8225;0
8226;0
8227;0
8228;0
8229;0
8230;0
8231;0
8232;0
8233;0
8234;1
8235;1
8236;1
8237;1
8238;1
8239;1
8240;1
8241;1
8242;1
8243;1
8244;1
8245;1
8246;1
8247;1
8248;1
8249;1
8250;1
8251;1
8252;1
8253;1
8254;1
8255;1
8256;1
8257;1
8258;1
8259;1
8260;1
8261;1
8262;1
8263;1
8264;1
8265;1
8266;1
8267;1
8268;1
8269;1
8270;1
8271;1
8272;1
8273;1
8274;1
8275;1
8276;1
8277;1
8278;1
8279;1
8280;1
8281;1
8282;1
8283;1
8284;1
8285;1
8286;1
8287;1
8288;1
8289;1
8290;1
8291;1
8292;1
8293;1
8294;1
8295;1
8296;1
8297;1
8298;1
8299;1
8300;1
8301;1
8302;1
8303;1
8304;1
8305;1
8306;1
8307;1
8308;1
8309;1
8310;1
8311;1
8312;1
8313;1
8314;1
8315;1
8316;1
8317;1
8318;1
8319;1
8320;1
8321;1
8322;1
8323;1
8324;1
8325;1
8326;1
8327;1
8328;1
8329;1
8330;1
8331;1
8332;1
8333;1
8334;1
8335;1
8336;1
8337;1
8338;1
8339;1
8340;1
8341;1
8342;1
8343;1
8344;1
8345;1
8346;1
8347;1
8348;1
8349;1
8350;1
8351;1
8352;1
8353;1
8354;1
8355;1
8356;1
8357;1
8358;1
8359;1
8360;1
8361;1
8362;1
8363;1
8364;1
8365;1
8366;1
8367;1
8368;1
8369;1
8370;1
8371;1
8372;1
8373;1
8374;1
8375;1
8376;1
8377;1
8378;1
8379;1
8380;1
8381;1
8382;1
8383;1
8384;1
8385;1
8386;1
8387;1
8388;1
8389;1
8390;1
8391;1
8392;1
8393;1
8394;1
8395;1
8396;1
8397;1
8398;1
8399;1
8400;1
8401;1
8402;1
8403;1
8404;1
8405;1
8406;1
8407;1
8408;1
8409;1
8410;1
8411;1
8412;1
8413;1
8414;1
8415;1
8416;1
8417;1
8418;1
8419;1
8420;1
8421;1
8422;1
8423;1
8424;1
8425;1
8426;1
8427;1
8428;1
8429;1
8430;1
8431;0
8432;0
8433;0
8434;0
8435;0
8436;0
8437;0
8438;0
8439;0
8440;0
8441;0
8442;0
8443;0
8444;0
8445;0
8446;0
8447;0
8448;0
8449;0
8450;0
8451;0
8452;0
8453;0
8454;0
8455;0
8456;0
8457;0
8458;0
8459;0
8460;0
8461;0
8462;0
8463;0
8464;0
8465;0
8466;0
8467;0
8468;0
8469;0
8470;0
8471;0
8472;0
8473;0
8474;0
8475;0
8476;0
8477;0
8478;0
8479;0
8480;0
8481;0
8482;0
8483;0
8484;0
8485;0
8486;0
8487;0
8488;0
8489;0
8490;0
8491;0
8492;0
8493;0
8494;0
8495;0
8496;0
8497;0
8498;0
8499;0
8500;0
8501;0
8502;0
8503;0
8504;0
8505;0
8506;0
8507;0
8508;0
8509;0
8510;0
8511;0
8512;0
8513;0
8514;0
8515;0
8516;0
8517;0
8518;0
8519;0
8520;0
8521;0
8522;0
8523;0
8524;0
8525;0
8526;0
8527;0
8528;0
8529;0
8530;0
8531;0
8532;0
8533;0
8534;0
8535;0
8536;0
8537;0
8538;0
8539;0
8540;0
8541;0
8542;0
8543;0
8544;0
8545;0
8546;0
8547;0
8548;0
8549;0
8550;0
8551;0
8552;0
8553;0
8554;0
8555;0
8556;0
8557;0
8558;0
8559;0
8560;0
8561;0
8562;0
8563;0
8564;0
8565;0
8566;0
8567;0
8568;0
8569;0
8570;0
8571;0
8572;0
8573;0
8574;0
8575;0
8576;0
8577;0
8578;0
8579;0
8580;0
8581;0
8582;0
8583;0
8584;0
8585;0
8586;0
8587;0
8588;0
8589;0
8590;0
8591;0
8592;0
8593;1
8594;1
8595;1
8596;1
8597;1
8598;1
8599;1
8600;1
8601;1
8602;1
8603;1
8604;1
8605;1
8606;1
8607;1
8608;1
8609;1
8610;1
8611;1
8612;1
8613;1
8614;1
8615;1
8616;1
8617;1
8618;1
8619;1
8620;1
8621;1
8622;1
8623;1
8624;1
8625;1
8626;1
8627;1
8628;1
8629;1
8630;1
8631;1
8632;1
8633;1
8634;1
8635;1
8636;1
8637;1
8638;1
8639;1
8640;1
8641;1
8642;1
8643;1
8644;1
8645;1
8646;1
8647;1
8648;1
8649;1
8650;1
8651;1
8652;1
8653;1
8654;1
8655;1
8656;1
8657;1
8658;1
8659;1
8660;1
8661;1
8662;1
8663;1
8664;1
8665;1
8666;1
8667;1
8668;1
8669;1
8670;1
8671;1
8672;1
8673;1
8674;1
8675;1
8676;1
8677;1
8678;1
8679;1
8680;1
8681;1
8682;1
8683;1
8684;1
8685;1
8686;1
8687;1
8688;1
8689;1
8690;1
8691;1
8692;1
8693;1
8694;1
8695;1
8696;1
8697;1
8698;1
8699;1
8700;1
8701;1
8702;1
8703;1
8704;1
8705;1
8706;1
8707;1
8708;1
8709;1
8710;1
8711;1
8712;1
8713;1
8714;1
8715;1
8716;1
8717;1
8718;1
8719;1
8720;1
8721;1
8722;1
8723;1
8724;1
8725;1
8726;1
8727;1
8728;1
8729;1
8730;1
8731;1
8732;1
8733;1
8734;1
8735;1
8736;1
8737;1
8738;1
8739;1
8740;1
8741;1
8742;1
8743;1
8744;1
8745;1
8746;1
8747;1
8748;1
8749;1
8750;1
8751;1
8752;1
8753;1
8754;1
8755;1
8756;1
8757;1
8758;1
8759;1
8760;1
8761;1
8762;1
8763;1
8764;1
8765;1
8766;1
8767;1
8768;1
8769;1
8770;1
8771;1
8772;1
8773;1
8774;1
8775;1
8776;1
8777;1
8778;1
8779;1
8780;1
8781;1
8782;1
8783;1
8784;1
8785;1
8786;1
8787;1
8788;1
8789;1
8790;1
8791;0
8792;0
8793;0
8794;0
8795;0
8796;0
8797;0
8798;0
8799;0
8800;0
8801;0
8802;0
8803;0
8804;0
8805;0
8806;0
8807;0
8808;0
8809;0
8810;0
8811;0
8812;0
8813;0
8814;0
8815;0
8816;0
8817;0
8818;0
8819;0
8820;0
8821;0
8822;0
8823;0
8824;0
8825;0
8826;0
8827;0
8828;0
8829;0
8830;0
8831;0
8832;0
8833;0
8834;0
8835;0
8836;0
8837;0
8838;0
8839;0
8840;0
8841;0
8842;0
8843;0
8844;0
8845;0
8846;0
8847;0
8848;0
8849;0
8850;0
8851;0
8852;0
8853;0
8854;0
8855;0
8856;0
8857;0
8858;0
8859;0
8860;0
8861;0
8862;0
8863;0
8864;0
8865;0
8866;0
8867;0
8868;0
8869;0
8870;0
8871;0
8872;0
8873;0
8874;0
8875;0
8876;0
8877;0
8878;0
8879;0
8880;0
8881;0
8882;0
8883;0
8884;0
8885;0
8886;0
8887;0
8888;0
8889;0
8890;0
8891;0
8892;0
8893;0
8894;0
8895;0
8896;0
8897;0
8898;0
8899;0
8900;0
8901;0
8902;0
8903;0
8904;0
8905;0
8906;0
8907;0
8908;0
8909;0
8910;0
8911;0
8912;0
8913;0
8914;0
8915;0
8916;0
8917;0
8918;0
8919;0
8920;0
8921;0
8922;0
8923;0
8924;0
8925;0
8926;0
8927;1
8928;0
8929;0
8930;0
8931;0
8932;0
8933;1
8934;0
8935;0
8936;0
8937;0
8938;0
8939;0
8940;0
8941;0
8942;0
8943;0
8944;0
8945;0
8946;0
8947;0
8948;0
8949;0
8950;0
8951;0
8952;0
8953;0
8954;0
8955;1
8956;1
8957;1
8958;1
8959;1
8960;1
8961;1
8962;1
8963;1
8964;1
8965;1
8966;1
8967;1
8968;1
8969;1
8970;1
8971;1
8972;1
8973;1
8974;1
8975;1
8976;1
8977;1
8978;1
8979;1
8980;1
8981;1
8982;1
8983;1
8984;1
8985;1
8986;1
8987;1
8988;1
8989;1
8990;1
8991;1
8992;1
8993;1
8994;1
8995;1
8996;1
8997;1
8998;1
8999;1
9000;1
9001;1
9002;1
9003;1
9004;1
9005;1
9006;1
9007;1
9008;1
9009;1
9010;1
9011;1
9012;1
9013;1
9014;1
9015;1
9016;1
9017;1
9018;1
9019;1
9020;1
9021;1
9022;1
9023;1
9024;1
9025;1
9026;1
9027;1
9028;1
9029;1
9030;1
9031;1
9032;1
9033;1
9034;1
9035;1
9036;1
9037;1
9038;1
9039;1
9040;1
9041;1
9042;1
9043;1
9044;1
9045;1
9046;1
9047;1
9048;1
9049;1
9050;1
9051;1
9052;1
9053;1
9054;1
9055;1
9056;1
9057;1
9058;1
9059;1
9060;1
9061;1
9062;1
9063;1
9064;1
9065;1
9066;1
9067;1
9068;1
9069;1
9070;1
9071;1
9072;1
9073;1
9074;1
9075;1
9076;1
9077;1
9078;1
9079;1
9080;1
9081;1
9082;1
9083;1
9084;1
9085;1
9086;1
9087;1
9088;1
9089;1
9090;1
9091;1
9092;1
9093;1
9094;1
9095;1
9096;1
9097;1
9098;1
9099;1
9100;1
9101;1
9102;1
9103;1
9104;1
9105;1
9106;1
9107;1
9108;1
9109;1
9110;1
9111;1
9112;1
9113;1
9114;1
9115;1
9116;1
9117;1
9118;1
9119;1
9120;1
9121;1
9122;1
9123;1
9124;1
9125;1
9126;1
9127;1
9128;1
9129;1
9130;1
9131;1
9132;1
9133;1
9134;1
9135;1
9136;1
9137;1
9138;1
9139;1
9140;1
9141;1
9142;1
9143;1
9144;1
9145;1
9146;1
9147;1
9148;1
9149;1
9150;1
9151;0
9152;0
9153;0
9154;0
9155;0
9156;0
9157;0
9158;0
9159;0
9160;0
9161;0
9162;0
9163;0
9164;0
9165;0
9166;0
9167;0
9168;0
9169;0
9170;0
9171;0
9172;0
9173;0
9174;0
9175;0
9176;0
9177;0
9178;0
9179;0
9180;0
9181;0
9182;0
9183;0
9184;0
9185;0
9186;0
9187;0
9188;0
9189;0
9190;0
9191;0
9192;0
9193;0
9194;0
9195;0
9196;0
9197;0
9198;0
9199;0
9200;0
9201;0
9202;0
9203;0
9204;0
9205;0
9206;0
9207;0
9208;0
9209;0
9210;0
9211;0
9212;0
9213;0
9214;0
9215;0
9216;0
9217;0
9218;0
9219;0
9220;0
9221;0
9222;0
9223;0
9224;0
9225;0
9226;0
9227;0
9228;0
9229;0
9230;0
9231;0
9232;0
9233;0
9234;0
9235;0
9236;0
9237;0
9238;0
9239;0
9240;0
9241;0
9242;0
9243;0
9244;0
9245;0
9246;0
9247;0
9248;0
9249;0
9250;0
9251;0
9252;0
9253;0
9254;0
9255;0
9256;0
9257;0
9258;0
9259;0
9260;0
9261;0
9262;0
9263;0
9264;0
9265;0
9266;0
9267;0
9268;0
9269;0
9270;0
9271;0
9272;0
9273;0
9274;0
9275;0
9276;0
9277;0
9278;0
9279;0
9280;0
9281;0
9282;0
9283;0
9284;0
9285;0
9286;0
9287;0
9288;0
9289;0
9290;0
9291;0
9292;0
9293;0
9294;0
9295;0
9296;0
9297;0
9298;0
9299;0
9300;0
9301;0
9302;0
9303;0
9304;0
9305;0
9306;0
9307;0
9308;0
9309;0
9310;0
9311;0
9312;0
9313;1
9314;1
9315;1
9316;1
9317;1
9318;1
9319;1
9320;1
9321;1
9322;1
9323;1
9324;1
9325;1
9326;1
9327;1
9328;1
9329;1
9330;1
9331;1
9332;1
9333;1
9334;1
9335;1
9336;1
9337;1
9338;1
9339;1
9340;1
9341;1
9342;1
9343;1
9344;1
9345;1
9346;1
9347;1
9348;1
9349;1
9350;1
9351;1
9352;1
9353;1
9354;1
9355;1
9356;1
9357;1
9358;1
9359;1
9360;1
9361;1
9362;1
9363;1
9364;1
9365;1
9366;1
9367;1
9368;1
9369;1
9370;1
9371;1
9372;1
9373;1
9374;1
9375;1
9376;1
9377;1
9378;1
9379;1
9380;1
9381;1
9382;1
9383;1
9384;1
9385;1
9386;1
9387;1
9388;1
9389;1
9390;1
9391;1
9392;1
9393;1
9394;1
9395;1
9396;1
9397;1
9398;1
9399;1
9400;1
9401;1
9402;1
9403;1
9404;1
9405;1
9406;1
9407;1
9408;1
9409;1
9410;1
9411;1
9412;1
9413;1
9414;1
9415;1
9416;1
9417;1
9418;1
9419;1
9420;1
9421;1
9422;1
9423;1
9424;1
9425;1
9426;1
9427;1
9428;1
9429;1
9430;1
9431;1
9432;1
9433;1
9434;1
9435;1
9436;1
9437;1
9438;1
9439;1
9440;1
9441;1
9442;1
9443;1
9444;1
9445;1
9446;1
9447;1
9448;1
9449;1
9450;1
9451;1
9452;1
9453;1
9454;1
9455;1
9456;1
9457;1
9458;1
9459;1
9460;1
9461;1
9462;1
9463;1
9464;1
9465;1
9466;1
9467;1
9468;1
9469;1
9470;1
9471;1
9472;1
9473;1
9474;1
9475;1
9476;1
9477;1
9478;1
9479;1
9480;1
9481;1
9482;1
9483;1
9484;1
9485;1
9486;1
9487;1
9488;1
9489;1
9490;1
9491;1
9492;1
9493;1
9494;1
9495;1
9496;1
9497;1
9498;1
9499;1
9500;1
9501;1
9502;1
9503;1
9504;1
9505;1
9506;1
9507;1
9508;1
9509;1
9510;1
9511;0
9512;0
9513;0
9514;0
9515;0
9516;0
9517;0
9518;0
9519;0
9520;0
9521;0
9522;0
9523;0
9524;0
9525;0
9526;0
9527;0
9528;0
9529;0
9530;0
9531;0
9532;0
9533;0
9534;0
9535;0
9536;0
9537;0
9538;0
9539;0
9540;0
9541;0
9542;0
9543;0
9544;0
9545;0
9546;0
9547;0
9548;0
9549;0
9550;0
9551;0
9552;0
9553;0
9554;0
9555;0
9556;0
9557;0
9558;0
9559;0
9560;0
9561;0
9562;0
9563;0
9564;0
9565;0
9566;0
9567;0
9568;0
9569;0
9570;0
9571;0
9572;0
9573;0
9574;0
9575;0
9576;0
9577;0
9578;0
9579;0
9580;0
9581;0
9582;0
9583;0
9584;0
9585;0
9586;0
9587;0
9588;0
9589;0
9590;0
9591;0
9592;0
9593;0
9594;0
9595;0
9596;0
9597;0
9598;0
9599;0
9600;0
9601;0
9602;0
9603;0
9604;0
9605;0
9606;0
9607;0
9608;0
9609;0
9610;0
9611;0
9612;0
9613;0
9614;0
9615;0
9616;0
9617;0
9618;0
9619;0
9620;0
9621;0
9622;0
9623;0
9624;0
9625;0
9626;0
9627;0
9628;0
9629;0
9630;0
9631;0
9632;0
9633;0
9634;0
9635;0
9636;0
9637;0
9638;0
9639;0
9640;0
9641;0
9642;0
9643;0
9644;0
9645;0
9646;0
9647;0
9648;0
9649;0
9650;0
9651;0
9652;0
9653;0
9654;0
9655;0
9656;0
9657;0
9658;0
9659;0
9660;0
9661;0
9662;0
9663;0
9664;0
9665;0
9666;0
9667;0
9668;0
9669;0
9670;0
9671;0
9672;0
9673;1
9674;1
9675;1
9676;1
9677;1
9678;1
9679;1
9680;1
9681;1
9682;1
9683;1
9684;1
9685;1
9686;1
9687;1
9688;1
9689;1
9690;1
9691;1
9692;1
9693;1
9694;1
9695;1
9696;1
9697;1
9698;1
9699;1
9700;1
9701;1
9702;1
9703;1
9704;1
9705;1
9706;1
9707;1
9708;1
9709;1
9710;1
9711;1
9712;1
9713;1
9714;1
9715;1
9716;1
9717;1
9718;1
9719;1
9720;1
9721;1
9722;1
9723;1
9724;1
9725;0
9726;1
9727;1
9728;1
9729;1
9730;1
9731;1
9732;1
9733;1
9734;1
9735;1
9736;1
9737;1
9738;1
9739;1
9740;1
9741;1
9742;1
9743;1
9744;1
9745;1
9746;1
9747;1
9748;1
9749;1
9750;1
9751;1
9752;1
9753;1
9754;1
9755;1
9756;1
9757;1
9758;1
9759;1
9760;1
9761;1
9762;1
9763;1
9764;1
9765;1
9766;1
9767;1
9768;1
9769;1
9770;1
9771;1
9772;1
9773;1
9774;1
9775;1
9776;1
9777;1
9778;1
9779;1
9780;1
9781;1
9782;1
9783;1
9784;1
9785;1
9786;1
9787;1
9788;1
9789;1
9790;1
9791;1
9792;1
9793;1
9794;1
9795;1
9796;1
9797;1
9798;1
9799;1
9800;1
9801;1
9802;1
9803;1
9804;1
9805;1
9806;0
9807;1
9808;1
9809;1
9810;1
9811;1
9812;1
9813;1
9814;1
9815;1
9816;1
9817;1
9818;1
9819;1
9820;1
9821;1
9822;1
9823;1
9824;1
9825;1
9826;1
9827;1
9828;1
9829;1
9830;1
9831;1
9832;1
9833;1
9834;1
9835;1
9836;1
9837;1
9838;1
9839;1
9840;1
9841;1
9842;1
9843;1
9844;1
9845;1
9846;1
9847;1
9848;1
9849;1
9850;1
9851;1
9852;1
9853;1
9854;1
9855;1
9856;1
9857;1
9858;1
9859;1
9860;1
9861;1
9862;1
9863;1
9864;1
9865;1
9866;1
9867;1
9868;1
9869;1
9870;1
9871;1
9872;1
9873;0
9874;0
9875;0
9876;0
9877;0
9878;0
9879;0
9880;0
9881;0
9882;0
9883;0
9884;0
9885;0
9886;0
9887;0
9888;0
9889;0
9890;0
9891;0
9892;0
9893;0
9894;0
9895;0
9896;0
9897;0
9898;0
9899;0
9900;0
9901;0
9902;0
9903;0
9904;0
9905;0
9906;0
9907;0
9908;0
9909;0
9910;0
9911;0
9912;0
9913;0
9914;0
9915;0
9916;0
9917;0
9918;0
9919;0
9920;0
9921;0
9922;0
9923;0
9924;0
9925;0
9926;0
9927;0
9928;0
9929;0
9930;0
9931;0
9932;0
9933;0
9934;0
9935;0
9936;0
9937;0
9938;0
9939;0
9940;0
9941;0
9942;0
9943;0
9944;0
9945;0
9946;0
9947;0
9948;0
9949;0
9950;0
9951;0
9952;0
9953;0
9954;0
9955;0
9956;0
9957;0
9958;0
9959;0
9960;0
9961;0
9962;0
9963;0
9964;0
9965;0
9966;0
9967;0
9968;0
9969;0
9970;0
9971;0
9972;0
9973;0
9974;0
9975;0
9976;0
9977;0
9978;0
9979;0
9980;0
9981;0
9982;0
9983;0
9984;0
9985;0
9986;0
9987;0
9988;0
9989;0
9990;0
9991;0
9992;0
9993;0
9994;0
9995;0
9996;0
9997;0
9998;0
9999;0
10000;0
10001;0
10002;0
10003;0
10004;0
10005;0
10006;0
10007;0
10008;0
10009;1
10010;0
10011;0
10012;0
10013;0
10014;0
10015;1
10016;0
10017;0
10018;0
10019;0
10020;0
10021;0
10022;0
10023;0
10024;0
10025;0
10026;0
10027;0
10028;0
10029;0
10030;0
10031;0
10032;0
10033;0
10034;0
10035;0
10036;0
10037;1
10038;1
10039;1
10040;1
10041;1
10042;1
10043;1
10044;1
10045;1
10046;1
10047;0
10048;1
10049;1
10050;1
10051;1
10052;1
10053;1
10054;1
10055;1
10056;1
10057;1
10058;1
10059;1
10060;1
10061;1
10062;1
10063;1
10064;1
10065;1
10066;1
10067;1
10068;1
10069;1
10070;1
10071;1
10072;1
10073;1
10074;1
10075;1
10076;1
10077;1
10078;0
10079;0
10080;0
10081;0
10082;0
10083;0
10084;0
10085;0
10086;0
10087;0
10088;0
10089;0
10090;0
10091;0
10092;0
10093;0
10094;0
10095;0
10096;0
10097;0
10098;0
10099;1
10100;1
10101;1
10102;1
10103;1
10104;1
10105;1
10106;1
10107;1
10108;1
10109;1
10110;1
10111;1
10112;1
10113;1
10114;1
10115;1
10116;1
10117;1
10118;1
10119;1
10120;1
10121;1
10122;1
10123;1
10124;1
10125;1
10126;1
10127;1
10128;1
10129;1
10130;1
10131;1
10132;1
10133;1
10134;1
10135;1
10136;1
10137;1
10138;1
10139;1
10140;1
10141;1
10142;1
10143;1
10144;1
10145;1
10146;1
10147;1
10148;1
10149;1
10150;1
10151;1
10152;1
10153;1
10154;1
10155;1
10156;1
10157;1
10158;1
10159;1
10160;1
10161;1
10162;1
10163;1
10164;1
10165;1
10166;1
10167;1
10168;1
10169;1
10170;1
10171;1
10172;1
10173;1
10174;1
10175;1
10176;1
10177;1
10178;1
10179;1
10180;1
10181;1
10182;1
10183;1
10184;1
10185;1
10186;1
10187;1
10188;1
10189;1
10190;1
10191;1
10192;1
10193;1
10194;1
10195;1
10196;1
10197;1
10198;1
10199;1
10200;1
10201;1
10202;1
10203;1
10204;1
10205;1
10206;1
10207;1
10208;1
10209;1
10210;1
10211;1
10212;1
10213;1
10214;1
10215;1
10216;1
10217;1
10218;1
10219;1
10220;1
10221;1
10222;1
10223;1
10224;1
10225;1
10226;1
10227;1
10228;1
10229;1
10230;1
10231;1
10232;1
10233;1
10234;1
10235;1
10236;1
10237;1
10238;1
10239;1
10240;1
10241;1
10242;1
10243;1
10244;1
10245;1
10246;1
10247;1
10248;1
10249;1
10250;1
10251;1
10252;1
10253;1
10254;1
10255;0
10256;0
10257;0
10258;0
10259;0
10260;0
10261;0
10262;0
10263;0
10264;0
10265;0
10266;0
10267;0
10268;0
10269;0
10270;0
10271;0
10272;0
10273;0
10274;0
10275;0
10276;0
10277;0
10278;0
10279;0
10280;0
10281;0
10282;0
10283;0
10284;0
10285;0
10286;0
10287;0
10288;0
10289;0
10290;0
10291;0
10292;0
10293;0
10294;0
10295;0
10296;0
10297;0
10298;0
10299;0
10300;0
10301;0
10302;0
10303;0
10304;0
10305;0
10306;0
10307;0
10308;0
10309;0
10310;0
10311;0
10312;0
10313;0
10314;0
10315;0
10316;0
10317;0
10318;0
10319;0
10320;0
10321;0
10322;0
10323;0
10324;0
10325;0
10326;0
10327;0
10328;0
10329;0
10330;0
10331;0
10332;0
10333;0
10334;0
10335;0
10336;0
10337;0
10338;0
10339;0
10340;0
10341;0
10342;0
10343;0
10344;0
10345;0
10346;0
10347;0
10348;0
10349;0
10350;0
10351;0
10352;0
10353;0
10354;0
10355;0
10356;0
10357;0
10358;0
10359;0
10360;0
10361;0
10362;0
10363;0
10364;0
10365;0
10366;0
10367;0
10368;0
10369;0
10370;0
10371;0
10372;0
10373;0
10374;0
10375;0
10376;0
10377;0
10378;0
10379;0
10380;0
10381;0
10382;0
10383;0
10384;0
10385;0
10386;0
10387;0
10388;0
10389;0
10390;0
10391;0
10392;0
10393;0
10394;0
10395;0
10396;0
10397;0
10398;0
10399;0
10400;0
10401;0
10402;0
10403;0
10404;0
10405;0
10406;0
10407;0
10408;0
10409;0
10410;0
10411;0
10412;0
10413;0
10414;0
10415;0
10416;0
10417;1
10418;1
10419;1
10420;1
10421;1
10422;1
10423;1
10424;1
10425;1
10426;1
10427;1
10428;1
10429;1
10430;1
10431;1
10432;1
10433;1
10434;1
10435;1
10436;1
10437;1
10438;1
10439;1
10440;1
10441;1
10442;1
10443;1
10444;1
10445;1
10446;1
10447;1
10448;1
10449;1
10450;1
10451;1
10452;1
10453;1
10454;1
10455;1
10456;1
10457;1
10458;1
10459;1
10460;1
10461;1
10462;1
10463;1
10464;1
10465;1
10466;1
10467;1
10468;1
10469;1
10470;1
10471;1
10472;1
10473;1
10474;1
10475;1
10476;1
10477;1
10478;1
10479;1
10480;1
10481;1
10482;1
10483;1
10484;1
10485;1
10486;1
10487;1
10488;1
10489;1
10490;1
10491;1
10492;1
10493;1
10494;1
10495;1
10496;1
10497;1
10498;1
10499;1
10500;1
10501;1
10502;1
10503;1
10504;1
10505;1
10506;1
10507;1
10508;1
10509;1
10510;1
10511;1
10512;1
10513;1
10514;1
10515;1
10516;1
10517;1
10518;1
10519;1
10520;1
10521;1
10522;1
10523;1
10524;1
10525;1
10526;1
10527;1
10528;1
10529;1
10530;1
10531;1
10532;1
10533;1
10534;1
10535;1
10536;1
10537;1
10538;1
10539;1
10540;1
10541;1
10542;1
10543;1
10544;1
10545;1
10546;1
10547;1
10548;1
10549;1
10550;1
10551;1
10552;1
10553;1
10554;1
10555;1
10556;1
10557;1
10558;1
10559;1
10560;1
10561;1
10562;1
10563;1
10564;1
10565;1
10566;1
10567;1
10568;1
10569;1
10570;1
10571;1
10572;1
10573;1
10574;1
10575;1
10576;1
10577;1
10578;1
10579;1
10580;1
10581;1
10582;1
10583;1
10584;1
10585;1
10586;1
10587;1
10588;1
10589;1
10590;1
10591;1
10592;1
10593;1
10594;1
10595;1
10596;1
10597;1
10598;1
10599;1
10600;1
10601;1
10602;1
10603;1
10604;1
10605;1
10606;1
10607;1
10608;1
10609;1
10610;1
10611;1
10612;1
10613;1
10614;1
10615;0
10616;0
10617;0
10618;0
10619;0
10620;0
10621;0
10622;0
10623;0
10624;0
10625;0
10626;0
10627;0
10628;0
10629;0
10630;0
10631;0
10632;0
10633;0
10634;0
10635;0
10636;0
10637;0
10638;0
10639;0
10640;0
10641;0
10642;0
10643;0
10644;0
10645;0
10646;0
10647;0
10648;0
10649;0
10650;0
10651;0
10652;0
10653;0
10654;0
10655;0
10656;0
10657;0
10658;0
10659;0
10660;0
10661;0
10662;0
10663;0
10664;0
10665;0
10666;0
10667;0
10668;0
10669;0
10670;0
10671;0
10672;0
10673;0
10674;0
10675;0
10676;0
10677;0
10678;0
10679;0
10680;0
10681;0
10682;0
10683;0
10684;0
10685;0
10686;0
10687;0
10688;0
10689;0
10690;0
10691;0
10692;0
10693;0
10694;0
10695;0
10696;0
10697;0
10698;0
10699;0
10700;0
10701;0
10702;0
10703;0
10704;0
10705;0
10706;0
10707;0
10708;0
10709;0
10710;0
10711;0
10712;0
10713;0
10714;0
10715;0
10716;0
10717;0
10718;0
10719;0
10720;0
10721;0
10722;0
10723;0
10724;0
10725;0
10726;0
10727;0
10728;0
10729;0
10730;0
10731;0
10732;0
10733;0
10734;0
10735;0
10736;0
10737;0
10738;0
10739;0
10740;0
10741;0
10742;0
10743;0
10744;0
10745;0
10746;0
10747;0
10748;0
10749;0
10750;0
10751;0
10752;0
10753;0
10754;0
10755;0
10756;0
10757;0
10758;0
10759;0
10760;0
10761;0
10762;0
10763;0
10764;0
10765;0
10766;0
10767;0
10768;0
10769;0
10770;0
10771;0
10772;0
10773;0
10774;0
10775;0
10776;0
10777;1
10778;1
10779;1
10780;1
10781;1
10782;1
10783;1
10784;1
10785;1
10786;1
10787;1
10788;1
10789;1
10790;1
10791;1
10792;1
10793;1
10794;1
10795;1
10796;1
10797;1
10798;1
10799;1
10800;1
10801;1
10802;1
10803;1
10804;1
10805;1
10806;1
10807;1
10808;1
10809;1
10810;1
10811;1
10812;1
10813;1
10814;1
10815;1
10816;1
10817;1
10818;1
10819;1
10820;1
10821;1
10822;1
10823;1
10824;1
10825;1
10826;1
10827;1
10828;1
10829;1
10830;1
10831;1
10832;1
10833;1
10834;1
10835;1
10836;1
10837;1
10838;1
10839;1
10840;1
10841;1
10842;1
10843;1
10844;1
10845;1
10846;1
10847;1
10848;1
10849;1
10850;1
10851;1
10852;1
10853;1
10854;1
10855;1
10856;1
10857;1
10858;1
10859;1
10860;1
10861;1
10862;1
10863;1
10864;1
10865;1
10866;1
10867;1
10868;1
10869;1
10870;1
10871;1
10872;1
10873;1
10874;1
10875;1
10876;1
10877;1
10878;1
10879;1
10880;1
10881;1
10882;1
10883;1
10884;1
10885;1
10886;1
10887;1
10888;1
10889;1
10890;1
10891;1
10892;1
10893;1
10894;1
10895;1
10896;1
10897;1
10898;1
10899;1
10900;1
10901;1
10902;1
10903;1
10904;1
10905;1
10906;1
10907;1
10908;1
10909;1
10910;1
10911;1
10912;1
10913;1
10914;1
10915;1
10916;1
10917;1
10918;1
10919;1
10920;1
10921;1
10922;1
10923;1
10924;1
10925;1
10926;1
10927;1
10928;1
10929;1
10930;1
10931;1
10932;1
10933;1
10934;1
10935;1
10936;1
10937;1
10938;1
10939;1
10940;1
10941;1
10942;1
10943;1
10944;1
10945;1
10946;1
10947;1
10948;1
10949;1
10950;1
10951;1
10952;1
10953;1
10954;1
10955;1
10956;1
10957;1
10958;1
10959;1
10960;1
10961;1
10962;1
10963;1
10964;1
10965;1
10966;1
10967;1
10968;1
10969;1
10970;1
10971;1
10972;1
10973;1
10974;1
10975;0
10976;0
10977;0
10978;0
10979;0
10980;0
10981;0
10982;0
10983;0
10984;0
10985;0
10986;0
10987;0
10988;0
10989;0
10990;0
10991;0
10992;0
10993;0
10994;0
10995;0
10996;0
10997;0
10998;0
10999;0
11000;0
11001;0
11002;0
11003;0
11004;0
11005;0
11006;0
11007;0
11008;0
11009;0
11010;0
11011;0
11012;0
11013;0
11014;0
11015;0
11016;0
11017;0
11018;0
11019;0
11020;0
11021;0
11022;0
11023;0
11024;0
11025;0
11026;0
11027;0
11028;0
11029;0
11030;0
11031;0
11032;0
11033;0
11034;0
11035;0
11036;0
11037;0
11038;0
11039;0
11040;0
11041;0
11042;0
11043;0
11044;0
11045;0
11046;0
11047;0
11048;0
11049;0
11050;0
11051;0
11052;0
11053;0
11054;0
11055;0
11056;0
11057;0
11058;0
11059;0
11060;0
11061;0
11062;0
11063;0
11064;0
11065;0
11066;0
11067;0
11068;0
11069;0
11070;0
11071;0
11072;0
11073;0
11074;0
11075;0
11076;0
11077;0
11078;0
11079;0
11080;0
11081;0
11082;0
11083;0
11084;0
11085;0
11086;0
11087;0
11088;0
11089;0
11090;0
11091;0
11092;0
11093;0
11094;0
11095;0
11096;0
11097;0
11098;0
11099;0
11100;0
11101;0
11102;0
11103;0
11104;0
11105;0
11106;0
11107;0
11108;0
11109;0
11110;0
11111;0
11112;0
11113;0
11114;0
11115;0
11116;0
11117;0
11118;0
11119;0
11120;0
11121;0
11122;0
11123;0
11124;0
11125;0
11126;0
11127;0
11128;0
11129;0
11130;0
11131;0
11132;0
11133;0
11134;0
11135;0
11136;0
11137;1
11138;1
11139;1
11140;1
11141;1
11142;1
11143;1
11144;1
11145;1
11146;1
11147;1
11148;1
11149;1
11150;1
11151;1
11152;1
11153;1
11154;1
11155;1
11156;1
11157;1
11158;1
11159;1
11160;1
11161;1
11162;1
11163;1
11164;1
11165;1
11166;1
11167;1
11168;1
11169;1
11170;1
11171;1
11172;1
11173;1
11174;1
11175;1
11176;1
11177;1
11178;1
11179;1
11180;1
11181;1
11182;1
11183;1
11184;1
11185;1
11186;1
11187;1
11188;1
11189;1
11190;1
11191;1
11192;1
11193;1
11194;1
11195;1
11196;1
11197;1
11198;1
11199;1
11200;1
11201;1
11202;1
11203;1
11204;1
11205;1
11206;1
11207;1
11208;1
11209;1
11210;1
11211;1
11212;1
11213;1
11214;1
11215;1
11216;1
11217;1
11218;1
11219;1
11220;1
11221;1
11222;1
11223;1
11224;1
11225;1
11226;1
11227;1
11228;1
11229;1
11230;1
11231;1
11232;1
11233;1
11234;1
11235;1
11236;1
11237;1
11238;1
11239;1
11240;1
11241;1
11242;1
11243;1
11244;1
11245;1
11246;1
11247;1
11248;1
11249;1
11250;1
11251;1
11252;1
11253;1
11254;1
11255;1
11256;1
11257;1
11258;1
11259;1
11260;1
11261;1
11262;1
11263;1
11264;1
11265;1
11266;1
11267;1
11268;1
11269;1
11270;1
11271;1
11272;1
11273;1
11274;1
11275;1
11276;1
11277;1
11278;1
11279;1
11280;1
11281;1
11282;1
11283;1
11284;1
11285;1
11286;1
11287;1
11288;1
11289;1
11290;1
11291;1
11292;1
11293;1
11294;1
11295;1
11296;1
11297;1
11298;1
11299;1
11300;1
11301;1
11302;1
11303;1
11304;1
11305;1
11306;1
11307;1
11308;1
11309;1
11310;1
11311;1
11312;1
11313;1
11314;1
11315;1
11316;1
11317;1
11318;1
11319;1
11320;1
11321;1
11322;1
11323;1
11324;1
11325;1
11326;1
11327;1
11328;1
11329;1
11330;1
11331;1
11332;1
11333;1
11334;1
11335;0
11336;0
11337;0
11338;0
11339;0
11340;0
11341;0
11342;0
11343;0
11344;0
11345;0
11346;0
11347;0
11348;0
11349;0
11350;0
11351;0
11352;0
11353;0
11354;0
11355;0
11356;0
11357;0
11358;0
11359;0
11360;0
11361;0
11362;0
11363;0
11364;0
11365;0
11366;0
11367;0
11368;0
11369;0
11370;0
11371;0
11372;0
11373;0
11374;0
11375;0
11376;0
11377;0
11378;0
11379;0
11380;0
11381;0
11382;0
11383;0
11384;0
11385;0
11386;0
11387;0
11388;0
11389;0
11390;0
11391;0
11392;0
11393;0
11394;0
11395;0
11396;0
11397;0
11398;0
11399;0
11400;0
11401;0
11402;0
11403;0
11404;0
11405;0
11406;0
11407;0
11408;0
11409;0
11410;0
11411;0
11412;0
11413;0
11414;0
11415;0
11416;0
11417;0
11418;0
11419;0
11420;0
11421;0
11422;0
11423;0
11424;0
11425;0
11426;0
11427;0
11428;0
11429;0
11430;0
11431;0
11432;0
11433;0
11434;0
11435;0
11436;0
11437;0
11438;0
11439;0
11440;0
11441;0
11442;0
11443;0
11444;0
11445;0
11446;0
11447;0
11448;0
11449;0
11450;0
11451;0
11452;0
11453;0
11454;0
11455;0
11456;0
11457;0
11458;0
11459;0
11460;0
11461;0
11462;0
11463;0
11464;0
11465;0
11466;0
11467;0
11468;0
11469;0
11470;0
11471;0
11472;0
11473;0
11474;0
11475;0
11476;0
11477;0
11478;0
11479;0
11480;0
11481;0
11482;0
11483;0
11484;0
11485;0
11486;0
11487;0
11488;0
11489;0
11490;0
11491;0
11492;0
11493;0
11494;0
11495;0
11496;0
11497;1
11498;1
11499;1
11500;1
11501;1
11502;1
11503;1
11504;1
11505;1
11506;1
11507;1
11508;1
11509;1
11510;1
11511;1
11512;1
11513;1
11514;1
11515;1
11516;1
11517;1
11518;1
11519;1
11520;1
11521;1
11522;1
11523;1
11524;1
11525;1
11526;1
11527;1
11528;1
11529;1
11530;1
11531;1
11532;1
11533;1
11534;1
11535;1
11536;1
11537;1
11538;1
11539;1
11540;1
11541;1
11542;1
11543;1
11544;1
11545;1
11546;1
11547;1
11548;1
11549;1
11550;1
11551;1
11552;1
11553;1
11554;1
11555;1
11556;1
11557;1
11558;1
11559;1
11560;1
11561;1
11562;1
11563;1
11564;1
11565;1
11566;1
11567;1
11568;1
11569;1
11570;1
11571;1
11572;1
11573;1
11574;1
11575;1
11576;1
11577;1
11578;1
11579;1
11580;1
11581;1
11582;1
11583;1
11584;1
11585;1
11586;1
11587;1
11588;1
11589;1
11590;1
11591;1
11592;1
11593;1
11594;1
11595;1
11596;1
11597;1
11598;1
11599;1
11600;1
11601;1
11602;1
11603;1
11604;1
11605;1
11606;1
11607;1
11608;1
11609;1
11610;1
11611;1
11612;1
11613;1
11614;1
11615;1
11616;1
11617;1
11618;1
11619;1
11620;1
11621;1
11622;1
11623;1
11624;1
11625;1
11626;1
11627;1
11628;1
11629;1
11630;1
11631;1
11632;1
11633;1
11634;1
11635;1
11636;1
11637;1
11638;1
11639;1
11640;1
11641;1
11642;1
11643;1
11644;1
11645;1
11646;1
11647;1
11648;1
11649;1
11650;1
11651;1
11652;1
11653;1
11654;1
11655;1
11656;1
11657;1
11658;1
11659;1
11660;1
11661;1
11662;1
11663;1
11664;1
11665;1
11666;1
11667;1
11668;1
11669;1
11670;1
11671;1
11672;1
11673;1
11674;1
11675;1
11676;1
11677;1
11678;1
11679;1
11680;1
11681;1
11682;1
11683;1
11684;1
11685;1
11686;1
11687;1
11688;1
11689;1
11690;1
11691;1
11692;1
11693;1
11694;1
11695;0
11696;0
11697;0
11698;0
11699;0
11700;0
11701;0
11702;0
11703;0
11704;0
11705;0
11706;0
11707;0
11708;0
11709;0
11710;0
11711;0
11712;0
11713;0
11714;0
11715;0
11716;0
11717;0
11718;0
11719;0
11720;0
11721;0
11722;0
11723;0
11724;0
11725;0
11726;0
11727;0
11728;0
11729;0
11730;0
11731;0
11732;0
11733;0
11734;0
11735;0
11736;0
11737;0
11738;0
11739;0
11740;0
11741;0
11742;0
11743;0
11744;0
11745;0
11746;0
11747;0
11748;0
11749;0
11750;0
11751;0
11752;0
11753;0
11754;0
11755;0
11756;0
11757;0
11758;0
11759;0
11760;0
11761;0
11762;0
11763;0
11764;0
11765;0
11766;0
11767;0
11768;0
11769;0
11770;0
11771;0
11772;0
11773;0
11774;0
11775;0
11776;0
11777;0
11778;0
11779;0
11780;0
11781;0
11782;0
11783;0
11784;0
11785;0
11786;0
11787;0
11788;0
11789;0
11790;0
11791;0
11792;0
11793;0
11794;0
11795;0
11796;0
11797;0
11798;0
11799;0
11800;0
11801;0
11802;0
11803;0
11804;0
11805;0
11806;0
11807;0
11808;0
11809;0
11810;0
11811;0
11812;0
11813;0
11814;0
11815;0
11816;0
11817;0
11818;0
11819;0
11820;0
11821;0
11822;0
11823;0
11824;0
11825;0
11826;0
11827;0
11828;0
11829;0
11830;0
11831;0
11832;0
11833;0
11834;0
11835;0
11836;0
11837;0
11838;0
11839;0
11840;0
11841;0
11842;0
11843;0
11844;0
11845;0
11846;0
11847;0
11848;0
11849;0
11850;0
11851;0
11852;0
11853;1
11854;1
11855;0
11856;0
11857;0
11858;0
11859;1
11860;1
11861;1
11862;1
11863;1
11864;1
11865;1
11866;1
11867;1
11868;1
11869;1
11870;1
11871;1
11872;1
11873;1
11874;1
11875;1
11876;1
11877;1
11878;1
11879;1
11880;1
11881;1
11882;1
11883;1
11884;1
11885;1
11886;1
11887;1
11888;1
11889;1
11890;1
11891;1
11892;1
11893;1
11894;1
11895;1
11896;1
11897;1
11898;1
11899;1
11900;1
11901;1
11902;1
11903;1
11904;1
11905;1
11906;1
11907;1
11908;1
11909;1
11910;1
11911;1
11912;1
11913;1
11914;1
11915;1
11916;1
11917;1
11918;1
11919;1
11920;1
11921;1
11922;1
11923;1
11924;1
11925;1
11926;1
11927;1
11928;1
11929;1
11930;1
11931;1
11932;1
11933;1
11934;1
11935;1
11936;1
11937;1
11938;1
11939;1
11940;1
11941;1
11942;1
11943;1
11944;1
11945;1
11946;1
11947;1
11948;1
11949;1
11950;1
11951;1
11952;1
11953;1
11954;1
11955;1
11956;1
11957;1
11958;1
11959;1
11960;1
11961;1
11962;1
11963;1
11964;1
11965;1
11966;1
11967;1
11968;1
11969;1
11970;1
11971;1
11972;1
11973;1
11974;1
11975;1
11976;1
11977;1
11978;1
11979;1
11980;1
11981;1
11982;1
11983;1
11984;1
11985;1
11986;1
11987;1
11988;1
11989;0
11990;0
11991;0
11992;0
11993;0
11994;0
11995;0
11996;0
11997;0
11998;1
11999;1
12000;1
12001;1
12002;1
12003;1
12004;1
12005;1
12006;1
12007;1
12008;1
12009;1
12010;1
12011;1
12012;1
12013;1
12014;1
12015;1
12016;1
12017;1
12018;1
12019;1
12020;1
12021;1
12022;1
12023;1
12024;1
12025;1
12026;1
12027;1
12028;1
12029;1
12030;1
12031;1
12032;1
12033;1
12034;1
12035;1
12036;1
12037;1
12038;1
12039;1
12040;1
12041;1
12042;1
12043;1
12044;1
12045;1
12046;1
12047;1
12048;1
12049;1
12050;1
12051;1
12052;1
12053;1
12054;1
12055;1
12056;1
12057;1
12058;1
12059;1
12060;1
12061;1
12062;1
12063;1
12064;0
12065;0
12066;0
12067;0
12068;0
12069;0
12070;0
12071;0
12072;0
12073;0
12074;0
12075;0
12076;0
12077;0
12078;0
12079;0
12080;0
12081;0
12082;0
12083;0
12084;0
12085;0
12086;0
12087;0
12088;0
12089;0
12090;0
12091;0
12092;0
12093;0
12094;0
12095;0
12096;0
12097;0
12098;0
12099;0
12100;0
12101;0
12102;0
12103;0
12104;0
12105;0
12106;0
12107;0
12108;0
12109;0
12110;0
12111;0
12112;0
12113;0
12114;0
12115;0
12116;0
12117;0
12118;0
12119;0
12120;0
12121;0
12122;0
12123;0
12124;0
12125;0
12126;0
12127;0
12128;0
12129;0
12130;0
12131;0
12132;0
12133;0
12134;0
12135;0
12136;0
12137;0
12138;0
12139;0
12140;0
12141;0
12142;0
12143;0
12144;0
12145;0
12146;0
12147;0
12148;0
12149;0
12150;0
12151;0
12152;0
12153;0
12154;0
12155;0
12156;0
12157;0
12158;0
12159;0
12160;0
12161;0
12162;0
12163;0
12164;0
12165;0
12166;0
12167;0
12168;0
12169;0
12170;0
12171;0
12172;0
12173;0
12174;0
12175;0
12176;0
12177;0
12178;0
12179;0
12180;0
12181;0
12182;0
12183;0
12184;0
12185;0
12186;0
12187;0
12188;0
12189;0
12190;0
12191;0
12192;0
12193;0
12194;0
12195;0
12196;0
12197;0
12198;0
12199;0
12200;0
12201;0
12202;0
12203;0
12204;0
12205;0
12206;0
12207;0
12208;0
12209;0
12210;0
12211;0
12212;0
12213;0
12214;0
12215;0
12216;0
12217;0
12218;0
12219;0
12220;0
12221;0
12222;0
12223;0
12224;0
12225;0
12226;1
12227;1
12228;1
12229;1
12230;1
12231;1
12232;1
12233;1
12234;1
12235;1
12236;1
12237;1
12238;1
12239;1
12240;1
12241;1
12242;1
12243;1
12244;1
12245;1
12246;1
12247;1
12248;1
12249;1
12250;1
12251;1
12252;1
12253;1
12254;1
12255;1
12256;1
12257;1
12258;1
12259;1
12260;1
12261;1
12262;1
12263;1
12264;1
12265;1
12266;1
12267;1
12268;1
12269;1
12270;1
12271;1
12272;1
12273;1
12274;1
12275;1
12276;1
12277;1
12278;1
12279;1
12280;1
12281;1
12282;1
12283;1
12284;1
12285;1
12286;1
12287;1
12288;1
12289;1
12290;1
12291;1
12292;1
12293;1
12294;1
12295;1
12296;1
